,iid,gender,age,from,career,sports,tvsports,exercise,dining,museums,art,hiking,gaming,clubbing,reading,tv,theater,movies,concerts,music,shopping,yoga
0,1,0,21.0,Chicago,lawyer,9.0,2.0,8.0,9.0,1.0,1.0,5.0,1.0,5.0,6.0,9.0,1.0,10.0,10.0,9.0,8.0,1.0
10,2,0,24.0,Alabama,law,3.0,2.0,7.0,10.0,8.0,6.0,3.0,5.0,8.0,10.0,1.0,9.0,8.0,7.0,8.0,3.0,1.0
20,3,0,25.0,Connecticut,Economist,3.0,8.0,7.0,8.0,5.0,5.0,8.0,4.0,5.0,7.0,8.0,7.0,7.0,7.0,5.0,8.0,7.0
30,4,0,23.0,Texas,lawyer/policy work,1.0,1.0,6.0,7.0,6.0,7.0,7.0,5.0,7.0,7.0,7.0,9.0,7.0,8.0,7.0,1.0,8.0
40,5,0,21.0,Bowdoin College,lawyer,7.0,4.0,7.0,7.0,6.0,8.0,6.0,6.0,8.0,6.0,8.0,6.0,6.0,3.0,7.0,8.0,3.0
50,6,0,23.0,MD,lawyer,10.0,8.0,9.0,7.0,8.0,7.0,9.0,2.0,6.0,9.0,2.0,5.0,6.0,6.0,4.0,1.0,1.0
60,7,0,22.0,Southern California,Law,5.0,3.0,4.0,10.0,10.0,10.0,2.0,3.0,8.0,8.0,8.0,10.0,10.0,10.0,10.0,10.0,10.0
70,8,0,25.0,"London, England",Journalist,2.0,2.0,1.0,10.0,9.0,9.0,3.0,2.0,10.0,8.0,10.0,9.0,9.0,6.0,6.0,8.0,6.0
80,9,0,26.0,"Palm Springs, California","Congresswoman, and comedian",4.0,3.0,1.0,8.0,6.0,7.0,2.0,2.0,10.0,8.0,8.0,10.0,10.0,9.0,9.0,8.0,3.0
90,10,0,26.0,94115,To create early childhood intervention programs,9.0,9.0,9.0,7.0,6.0,6.0,7.0,1.0,7.0,8.0,5.0,6.0,7.0,7.0,8.0,7.0,7.0
100,11,1,27.0,Argentina,"Academia, Research, Banking, Life",8.0,7.0,2.0,6.0,7.0,5.0,5.0,5.0,4.0,9.0,2.0,4.0,8.0,7.0,8.0,5.0,1.0
110,12,1,22.0,England,Corporate Lawyer,9.0,7.0,9.0,8.0,7.0,6.0,3.0,3.0,5.0,6.0,6.0,4.0,7.0,7.0,9.0,5.0,5.0
120,13,1,22.0,Southern California,Lawyer,7.0,8.0,2.0,9.0,5.0,6.0,4.0,7.0,7.0,6.0,8.0,10.0,8.0,9.0,9.0,8.0,1.0
130,14,1,23.0,"Cincinnati, Ohio",Corporate attorney,10.0,6.0,8.0,8.0,3.0,3.0,10.0,8.0,8.0,6.0,7.0,3.0,10.0,6.0,8.0,6.0,1.0
140,15,1,24.0,Miami,Lawyer,9.0,7.0,9.0,7.0,4.0,3.0,6.0,7.0,9.0,8.0,6.0,9.0,9.0,6.0,7.0,2.0,1.0
150,16,1,25.0,Milan - Italy,research/financial industry,7.0,2.0,6.0,7.0,7.0,7.0,5.0,5.0,5.0,8.0,3.0,7.0,8.0,7.0,8.0,6.0,1.0
160,17,1,30.0,"Georgia, USA",academics or journalism,8.0,2.0,9.0,7.0,7.0,5.0,4.0,2.0,6.0,4.0,2.0,7.0,9.0,7.0,7.0,2.0,2.0
170,18,1,27.0,New York,Financial Services,5.0,5.0,5.0,9.0,4.0,3.0,4.0,4.0,2.0,6.0,9.0,3.0,9.0,3.0,6.0,2.0,1.0
180,19,1,28.0,california,ceo,10.0,10.0,10.0,10.0,5.0,5.0,6.0,7.0,9.0,8.0,1.0,1.0,7.0,7.0,7.0,7.0,10.0
190,20,1,24.0,Washington DC,CEO,10.0,10.0,10.0,10.0,9.0,9.0,4.0,10.0,10.0,8.0,3.0,8.0,8.0,6.0,6.0,5.0,10.0
200,21,0,21.0,New Jersey,Undecided,10.0,8.0,10.0,5.0,5.0,5.0,2.0,1.0,3.0,7.0,10.0,4.0,7.0,4.0,8.0,5.0,2.0
216,22,0,27.0,"Ann Arbor, MI",Informatics,1.0,2.0,2.0,8.0,8.0,8.0,1.0,2.0,6.0,8.0,8.0,8.0,9.0,7.0,7.0,8.0,8.0
232,23,0,21.0,Hong Kong,psychologist,2.0,2.0,3.0,9.0,7.0,6.0,6.0,7.0,7.0,10.0,9.0,10.0,10.0,10.0,10.0,10.0,3.0
248,24,0,27.0,new york,health/nutrition oriented social worker,10.0,1.0,10.0,9.0,6.0,6.0,10.0,6.0,3.0,6.0,1.0,6.0,9.0,8.0,8.0,6.0,7.0
264,25,0,25.0,Iowa,Social Worker,7.0,4.0,7.0,7.0,6.0,3.0,5.0,6.0,8.0,9.0,9.0,7.0,10.0,6.0,8.0,8.0,4.0
280,26,0,23.0,California,Social work with children,9.0,4.0,9.0,7.0,7.0,4.0,6.0,5.0,7.0,5.0,3.0,9.0,9.0,6.0,4.0,5.0,1.0
296,27,0,22.0,"Westchester, NY",Speech Language Pathologist,7.0,6.0,8.0,8.0,7.0,6.0,8.0,7.0,8.0,8.0,5.0,5.0,5.0,5.0,7.0,7.0,8.0
312,28,0,26.0,,,,,,,,,,,,,,,,,,,
328,29,0,22.0,"Washington, DC",Social Work Administration,8.0,9.0,7.0,7.0,7.0,6.0,2.0,2.0,7.0,7.0,7.0,5.0,7.0,6.0,8.0,9.0,5.0
344,30,0,23.0,Boston,Lawyer,5.0,6.0,8.0,7.0,4.0,4.0,2.0,1.0,7.0,8.0,5.0,7.0,7.0,7.0,9.0,6.0,4.0
360,31,0,24.0,"Washington, DC",law,3.0,3.0,7.0,10.0,7.0,7.0,7.0,2.0,6.0,6.0,8.0,8.0,8.0,6.0,7.0,10.0,6.0
376,32,0,27.0,new jersey,Professor,4.0,1.0,5.0,9.0,5.0,5.0,1.0,2.0,4.0,9.0,6.0,6.0,7.0,5.0,8.0,10.0,9.0
392,33,0,30.0,Michigan,Clidren's TV,4.0,6.0,10.0,7.0,8.0,6.0,6.0,8.0,6.0,10.0,10.0,8.0,8.0,6.0,6.0,7.0,9.0
408,34,0,21.0,SIngapore,Banking,7.0,6.0,6.0,7.0,4.0,4.0,5.0,4.0,7.0,7.0,6.0,9.0,10.0,7.0,7.0,7.0,7.0
424,35,0,25.0,Brazil,Capital Markets,9.0,7.0,9.0,8.0,8.0,8.0,5.0,6.0,9.0,7.0,9.0,8.0,8.0,7.0,7.0,8.0,3.0
440,36,0,26.0,Brandeis University,Biostatistics,6.0,1.0,4.0,6.0,7.0,7.0,7.0,1.0,3.0,9.0,1.0,9.0,6.0,6.0,7.0,5.0,1.0
456,37,0,27.0,"Cincinnati, OH",Organizational Change Consultant,6.0,4.0,6.0,10.0,9.0,8.0,7.0,6.0,7.0,5.0,6.0,10.0,7.0,8.0,7.0,4.0,9.0
472,38,0,23.0,New York,law,7.0,2.0,7.0,10.0,2.0,2.0,7.0,4.0,7.0,2.0,8.0,8.0,10.0,10.0,10.0,10.0,2.0
488,39,0,24.0,Los Angeles,lawyer,3.0,2.0,4.0,10.0,10.0,8.0,7.0,1.0,5.0,10.0,9.0,9.0,10.0,9.0,9.0,10.0,1.0
504,40,1,25.0,"SF Bay Area, CA",tech professional,4.0,9.0,3.0,7.0,7.0,8.0,5.0,7.0,9.0,7.0,5.0,5.0,8.0,8.0,10.0,4.0,2.0
523,41,1,30.0,China,law,5.0,5.0,6.0,5.0,5.0,5.0,5.0,10.0,5.0,6.0,6.0,6.0,6.0,5.0,5.0,5.0,1.0
542,42,1,23.0,San Francisco(home)/Los Angeles(undergrad),Engineer,1.0,1.0,7.0,5.0,3.0,3.0,3.0,1.0,1.0,9.0,8.0,5.0,7.0,2.0,5.0,2.0,1.0
561,43,1,24.0,Spain,Academic,8.0,9.0,6.0,5.0,7.0,7.0,2.0,5.0,5.0,9.0,6.0,7.0,4.0,6.0,5.0,2.0,1.0
580,44,1,24.0,Israel,academia,9.0,1.0,8.0,7.0,8.0,8.0,10.0,6.0,7.0,8.0,1.0,7.0,3.0,8.0,1.0,6.0,8.0
599,45,1,28.0,Switzerland,banker / academia,9.0,7.0,3.0,6.0,8.0,6.0,6.0,7.0,6.0,6.0,7.0,6.0,7.0,6.0,6.0,6.0,3.0
618,46,1,26.0,Italy,banker,10.0,7.0,5.0,6.0,7.0,7.0,8.0,3.0,7.0,7.0,4.0,4.0,6.0,5.0,6.0,2.0,7.0
637,47,1,30.0,Italy,Academic,6.0,7.0,2.0,8.0,7.0,6.0,3.0,7.0,4.0,7.0,4.0,5.0,8.0,8.0,7.0,2.0,1.0
656,48,1,22.0,Israel,Music production,3.0,1.0,6.0,7.0,7.0,8.0,1.0,5.0,8.0,4.0,6.0,10.0,10.0,6.0,8.0,6.0,2.0
675,49,1,25.0,Philadelphia,Entrepreneur,10.0,7.0,5.0,7.0,6.0,7.0,2.0,8.0,7.0,9.0,5.0,5.0,6.0,5.0,8.0,2.0,7.0
694,50,1,27.0,Houston,lawyer,10.0,10.0,3.0,8.0,5.0,3.0,4.0,3.0,10.0,5.0,6.0,8.0,10.0,7.0,10.0,6.0,2.0
713,51,1,23.0,Philadelphia,Law,6.0,6.0,7.0,3.0,4.0,3.0,6.0,5.0,4.0,5.0,7.0,1.0,6.0,1.0,2.0,2.0,1.0
732,52,1,21.0,Brooklyn,Intellectual Property Attorney,8.0,5.0,3.0,6.0,3.0,4.0,3.0,3.0,3.0,3.0,7.0,4.0,6.0,3.0,5.0,4.0,2.0
751,53,1,28.0,Boston,Medicine,8.0,4.0,3.0,10.0,9.0,8.0,8.0,4.0,4.0,9.0,5.0,7.0,9.0,9.0,9.0,7.0,3.0
770,54,1,28.0,New York,consulting,5.0,2.0,2.0,8.0,7.0,8.0,8.0,1.0,3.0,7.0,1.0,8.0,6.0,9.0,9.0,1.0,3.0
789,55,1,23.0,California,LAWYER,10.0,8.0,4.0,5.0,5.0,4.0,1.0,6.0,10.0,9.0,7.0,5.0,10.0,7.0,10.0,5.0,1.0
808,56,0,23.0,Florida,social worker,2.0,1.0,10.0,10.0,5.0,5.0,2.0,1.0,7.0,6.0,8.0,8.0,7.0,6.0,9.0,10.0,4.0
818,57,0,22.0,New Jersey,Social Worker,4.0,4.0,5.0,9.0,9.0,9.0,9.0,1.0,5.0,9.0,9.0,9.0,9.0,9.0,9.0,9.0,9.0
828,58,0,,,,,,,,,,,,,,,,,,,,
838,59,0,,,,,,,,,,,,,,,,,,,,
848,60,0,29.0,New Jersey,comedienne,3.0,1.0,9.0,9.0,5.0,5.0,3.0,1.0,5.0,5.0,2.0,10.0,7.0,6.0,9.0,5.0,5.0
858,61,0,28.0,"Tuscaloosa, Alabama",Academic,1.0,1.0,5.0,10.0,10.0,10.0,5.0,1.0,5.0,10.0,6.0,10.0,10.0,8.0,10.0,8.0,7.0
868,62,0,26.0,"Albuquerque, NM",attorney,8.0,5.0,7.0,8.0,6.0,6.0,7.0,7.0,7.0,7.0,3.0,2.0,9.0,7.0,9.0,9.0,2.0
878,63,0,24.0,"Palo Alto, California",Undecided,5.0,3.0,8.0,6.0,9.0,8.0,5.0,1.0,2.0,10.0,1.0,8.0,9.0,4.0,5.0,6.0,2.0
888,64,0,27.0,New York,social worker,8.0,8.0,8.0,8.0,8.0,8.0,9.0,5.0,3.0,8.0,7.0,8.0,8.0,9.0,9.0,8.0,5.0
898,65,0,23.0,"Boston, MA",Social Worker.... Clinician,7.0,5.0,7.0,8.0,8.0,8.0,8.0,8.0,9.0,8.0,8.0,8.0,9.0,8.0,8.0,9.0,6.0
908,66,1,29.0,Mexico,Private Equity Investing,4.0,2.0,3.0,6.0,4.0,3.0,3.0,6.0,4.0,8.0,6.0,4.0,8.0,4.0,6.0,4.0,2.0
918,67,1,22.0,"Torrance, CA",Lawyer or professional surfer,9.0,9.0,6.0,7.0,6.0,6.0,4.0,4.0,4.0,6.0,6.0,3.0,9.0,9.0,9.0,2.0,1.0
928,68,1,27.0,"St. Louis, MO",novelist,3.0,2.0,2.0,7.0,8.0,8.0,3.0,3.0,7.0,10.0,7.0,5.0,9.0,7.0,7.0,7.0,1.0
938,69,1,28.0,"London, UK",banker,10.0,7.0,5.0,5.0,3.0,2.0,1.0,3.0,9.0,8.0,2.0,4.0,7.0,6.0,7.0,2.0,1.0
948,70,1,26.0,"Boston, MA",Investment Banking,9.0,4.0,9.0,5.0,7.0,5.0,7.0,5.0,5.0,8.0,3.0,7.0,8.0,5.0,8.0,5.0,6.0
958,71,1,21.0,Minnesota,Pro Beach Volleyball,9.0,10.0,6.0,4.0,3.0,3.0,7.0,6.0,7.0,7.0,8.0,3.0,10.0,6.0,8.0,2.0,1.0
968,72,1,22.0,"Boston, MA",Engineer or iBanker or consultant,8.0,3.0,7.0,10.0,6.0,6.0,7.0,2.0,9.0,5.0,6.0,7.0,7.0,6.0,8.0,8.0,4.0
978,73,1,22.0,Chicago,Trading,9.0,9.0,7.0,6.0,5.0,4.0,4.0,6.0,6.0,5.0,5.0,5.0,7.0,7.0,6.0,4.0,1.0
988,74,1,25.0,Spain,Ph.D. Electrical Engineering,8.0,3.0,5.0,9.0,10.0,10.0,9.0,6.0,8.0,10.0,2.0,9.0,10.0,8.0,8.0,3.0,5.0
998,75,1,24.0,Philadelphia,attorney,8.0,2.0,8.0,7.0,7.0,7.0,7.0,5.0,9.0,8.0,8.0,5.0,7.0,6.0,8.0,5.0,5.0
1008,76,0,34.0,Ohio,teacher,1.0,7.0,6.0,8.0,8.0,8.0,5.0,1.0,7.0,7.0,4.0,8.0,8.0,8.0,7.0,7.0,7.0
1026,77,0,22.0,Minnesota,Social Worker,7.0,1.0,10.0,9.0,9.0,9.0,8.0,3.0,6.0,6.0,6.0,8.0,8.0,10.0,10.0,7.0,9.0
1044,78,0,23.0,Ohio,Counseling Adolescents,5.0,1.0,7.0,7.0,9.0,5.0,9.0,1.0,3.0,9.0,3.0,9.0,9.0,9.0,7.0,5.0,10.0
1062,79,0,26.0,India/Venezuela,Operations Research,2.0,3.0,2.0,10.0,10.0,10.0,2.0,1.0,7.0,4.0,4.0,9.0,9.0,8.0,8.0,3.0,3.0
1080,80,0,27.0,China,industrial scientist,8.0,3.0,7.0,5.0,5.0,4.0,3.0,1.0,5.0,10.0,9.0,7.0,7.0,7.0,7.0,9.0,2.0
1098,81,0,28.0,Texas,Journalism,6.0,2.0,7.0,9.0,9.0,7.0,7.0,1.0,7.0,7.0,7.0,9.0,9.0,7.0,7.0,7.0,4.0
1116,82,0,25.0,Washington State,teaching and then...,5.0,5.0,5.0,8.0,9.0,10.0,9.0,1.0,7.0,8.0,6.0,8.0,8.0,8.0,9.0,6.0,7.0
1134,83,0,35.0,Panama,Economic research,5.0,1.0,3.0,5.0,7.0,8.0,3.0,1.0,6.0,8.0,3.0,7.0,8.0,7.0,8.0,4.0,7.0
1152,84,0,32.0,spain,pharmaceuticals,7.0,1.0,9.0,9.0,9.0,9.0,3.0,1.0,9.0,9.0,1.0,9.0,10.0,9.0,9.0,5.0,5.0
1170,85,0,30.0,Arizona,Social Services/ Policy,2.0,3.0,4.0,9.0,8.0,6.0,8.0,4.0,7.0,8.0,4.0,6.0,7.0,5.0,8.0,5.0,3.0
1188,86,0,22.0,"Minneapolis, MN",Professor of Media Studies,2.0,2.0,1.0,4.0,7.0,7.0,2.0,1.0,6.0,4.0,7.0,5.0,10.0,10.0,10.0,2.0,2.0
1206,87,0,23.0,NJ,Social Worker,10.0,5.0,10.0,8.0,7.0,7.0,8.0,4.0,9.0,9.0,6.0,7.0,10.0,9.0,10.0,7.0,9.0
1224,88,0,23.0,NY,Clinical Social Worker,8.0,7.0,10.0,7.0,7.0,7.0,8.0,6.0,6.0,10.0,8.0,9.0,10.0,8.0,10.0,9.0,3.0
1242,89,0,27.0,Israel,Academic,2.0,2.0,2.0,10.0,8.0,8.0,7.0,8.0,9.0,8.0,1.0,9.0,8.0,8.0,9.0,4.0,2.0
1260,90,0,23.0,P. R. China,I don't know,8.0,9.0,6.0,5.0,8.0,9.0,6.0,3.0,1.0,10.0,6.0,7.0,8.0,7.0,6.0,4.0,1.0
1278,91,0,25.0,California,Lawyer,4.0,2.0,5.0,7.0,7.0,5.0,7.0,3.0,5.0,7.0,7.0,10.0,8.0,8.0,7.0,6.0,2.0
1296,92,0,29.0,San Francisco,Microfinancing Program Manager,7.0,2.0,8.0,10.0,9.0,9.0,9.0,2.0,9.0,10.0,4.0,10.0,10.0,8.0,10.0,6.0,9.0
1314,93,0,29.0,England,Education Administration,3.0,2.0,6.0,10.0,7.0,6.0,8.0,7.0,8.0,7.0,5.0,8.0,8.0,6.0,5.0,7.0,6.0
1332,94,1,28.0,Bangladesh,Marketing,7.0,2.0,8.0,8.0,5.0,4.0,4.0,3.0,3.0,9.0,5.0,7.0,9.0,6.0,7.0,4.0,5.0
1350,95,1,26.0,Long Island,Business - Investment Management,10.0,10.0,6.0,6.0,4.0,3.0,1.0,6.0,4.0,7.0,9.0,5.0,10.0,8.0,10.0,3.0,3.0
1368,96,1,26.0,Argentina,Academic or Research staff,5.0,8.0,7.0,10.0,10.0,8.0,10.0,6.0,8.0,8.0,3.0,8.0,9.0,8.0,7.0,7.0,3.0
1386,97,1,29.0,"Brooklyn, NY",Professor,6.0,8.0,8.0,3.0,3.0,3.0,6.0,1.0,5.0,8.0,3.0,2.0,7.0,3.0,7.0,3.0,5.0
1404,98,1,39.0,"Cincinnati, Ohio",University Professor,8.0,8.0,8.0,7.0,3.0,3.0,5.0,1.0,7.0,7.0,3.0,7.0,8.0,6.0,8.0,2.0,7.0
1422,99,1,28.0,New York,Lawyer,5.0,5.0,5.0,8.0,10.0,10.0,5.0,5.0,9.0,6.0,6.0,10.0,10.0,10.0,10.0,8.0,5.0
1440,100,1,30.0,Israel,Professor,5.0,4.0,6.0,7.0,6.0,6.0,2.0,2.0,4.0,6.0,5.0,7.0,7.0,3.0,7.0,6.0,2.0
1458,101,1,22.0,India,Finance,9.0,9.0,7.0,9.0,9.0,9.0,8.0,8.0,9.0,8.0,7.0,9.0,8.0,7.0,8.0,8.0,4.0
1476,102,1,32.0,Canada,Research Scientist,9.0,9.0,9.0,9.0,4.0,4.0,7.0,2.0,5.0,5.0,4.0,4.0,9.0,3.0,5.0,5.0,2.0
1494,103,1,26.0,Chicago,business,8.0,7.0,8.0,8.0,6.0,4.0,8.0,5.0,8.0,8.0,8.0,5.0,8.0,8.0,8.0,6.0,3.0
1512,104,1,27.0,Colorado,research in industry or academia,8.0,3.0,8.0,9.0,8.0,8.0,9.0,5.0,8.0,7.0,3.0,8.0,7.0,6.0,8.0,3.0,7.0
1530,105,1,25.0,Texas,Law,9.0,9.0,6.0,8.0,5.0,5.0,3.0,4.0,7.0,8.0,6.0,6.0,7.0,4.0,7.0,5.0,5.0
1548,106,1,22.0,Texas,Law,2.0,4.0,2.0,9.0,6.0,5.0,4.0,9.0,2.0,9.0,8.0,7.0,9.0,2.0,8.0,5.0,3.0
1566,107,1,21.0,"Ann Arbor, MI",Teacher/Professor,7.0,2.0,4.0,7.0,6.0,7.0,8.0,1.0,7.0,7.0,1.0,5.0,7.0,9.0,9.0,1.0,10.0
1584,108,1,24.0,Spain,Engineering,7.0,3.0,4.0,5.0,6.0,7.0,3.0,2.0,5.0,7.0,3.0,7.0,7.0,4.0,6.0,2.0,2.0
1602,109,1,25.0,Hong Kong,film,2.0,1.0,2.0,10.0,10.0,10.0,1.0,2.0,2.0,10.0,5.0,7.0,10.0,10.0,10.0,5.0,3.0
1620,110,1,28.0,Ann Arbor,Writer,4.0,3.0,8.0,7.0,7.0,9.0,8.0,2.0,3.0,7.0,5.0,7.0,9.0,7.0,8.0,3.0,6.0
1638,111,1,27.0,Philippines,consulting,9.0,9.0,7.0,9.0,10.0,9.0,9.0,1.0,5.0,9.0,5.0,8.0,9.0,8.0,5.0,3.0,5.0
1656,112,0,20.0,New Jersey,Social work,8.0,3.0,8.0,5.0,7.0,8.0,8.0,8.0,9.0,9.0,3.0,8.0,8.0,9.0,10.0,4.0,6.0
1666,113,0,21.0,"Milwaukee, Wisconsin",What a question!,5.0,3.0,7.0,10.0,9.0,8.0,7.0,2.0,6.0,8.0,7.0,10.0,10.0,9.0,10.0,10.0,7.0
1676,114,0,20.0,New York,,6.0,8.0,3.0,4.0,4.0,3.0,5.0,2.0,6.0,8.0,7.0,6.0,7.0,6.0,9.0,2.0,2.0
1686,115,0,21.0,brooklyn ny,psychologist,2.0,2.0,8.0,7.0,3.0,3.0,1.0,1.0,8.0,10.0,2.0,2.0,6.0,4.0,7.0,8.0,1.0
1696,116,0,21.0,France,if only i knew,5.0,4.0,3.0,10.0,10.0,10.0,6.0,4.0,8.0,10.0,10.0,10.0,10.0,10.0,10.0,10.0,8.0
1706,117,0,21.0,"Long Island, NY","Marketing, Advertising",6.0,8.0,6.0,9.0,8.0,6.0,3.0,5.0,8.0,8.0,5.0,6.0,5.0,6.0,5.0,9.0,3.0
1716,119,0,19.0,Puerto Rico,lawyer/gov.position,8.0,5.0,8.0,9.0,9.0,9.0,5.0,8.0,10.0,9.0,5.0,10.0,9.0,10.0,10.0,7.0,8.0
1726,120,0,20.0,"Long Island, NY",Writer,5.0,4.0,4.0,8.0,7.0,5.0,3.0,1.0,5.0,10.0,6.0,10.0,9.0,6.0,8.0,3.0,5.0
1736,121,0,21.0,"Memphis, TN","no idea, maybe a professor",2.0,2.0,6.0,10.0,6.0,10.0,6.0,4.0,7.0,7.0,8.0,10.0,10.0,10.0,10.0,10.0,4.0
1746,122,1,22.0,Long Island,Lawyer,7.0,9.0,7.0,9.0,7.0,6.0,5.0,6.0,6.0,6.0,8.0,7.0,8.0,8.0,8.0,5.0,4.0
1756,123,1,18.0,Louisiana,Cardiologist,9.0,9.0,8.0,8.0,3.0,2.0,5.0,5.0,6.0,2.0,7.0,2.0,7.0,7.0,7.0,7.0,5.0
1766,124,1,22.0,Maryland,Law or finance,5.0,5.0,8.0,10.0,8.0,8.0,6.0,5.0,8.0,8.0,6.0,9.0,9.0,9.0,8.0,8.0,7.0
1776,125,1,21.0,Staten Island,Pediatrics,3.0,1.0,9.0,10.0,9.0,10.0,1.0,1.0,10.0,9.0,2.0,9.0,9.0,9.0,9.0,10.0,7.0
1786,126,1,22.0,"New York, NY",medicine,10.0,8.0,7.0,8.0,8.0,7.0,5.0,2.0,7.0,10.0,5.0,8.0,8.0,9.0,10.0,6.0,7.0
1796,127,1,22.0,Massachusetts,Porn Star,10.0,8.0,8.0,8.0,5.0,3.0,5.0,5.0,6.0,1.0,7.0,1.0,5.0,8.0,7.0,5.0,10.0
1806,128,1,21.0,Connecticut,Mechanical Engineering,8.0,7.0,7.0,6.0,4.0,4.0,8.0,7.0,3.0,5.0,3.0,4.0,8.0,10.0,10.0,2.0,2.0
1816,129,1,,New Jersey,entrepeneur,7.0,4.0,7.0,9.0,4.0,5.0,9.0,2.0,6.0,9.0,4.0,4.0,7.0,6.0,6.0,4.0,6.0
1826,130,1,20.0,"India, Holland",don't know,7.0,4.0,9.0,8.0,3.0,2.0,7.0,5.0,7.0,6.0,2.0,1.0,2.0,2.0,9.0,6.0,2.0
1836,131,1,19.0,New York,Not Sure,5.0,1.0,5.0,5.0,5.0,5.0,3.0,6.0,4.0,8.0,7.0,6.0,8.0,7.0,6.0,5.0,3.0
1846,132,0,27.0,Los Angeles,Asset Management,7.0,2.0,10.0,5.0,7.0,7.0,9.0,1.0,1.0,5.0,9.0,5.0,10.0,3.0,10.0,1.0,10.0
1851,133,0,24.0,china,a research position,8.0,7.0,6.0,7.0,10.0,8.0,10.0,4.0,3.0,6.0,4.0,8.0,7.0,10.0,9.0,7.0,6.0
1856,134,0,23.0,Pougkeepsie NY,professor,7.0,4.0,4.0,8.0,9.0,6.0,7.0,8.0,6.0,8.0,5.0,9.0,5.0,7.0,8.0,8.0,8.0
1861,135,0,26.0,"sofia, bg",teaching,3.0,1.0,1.0,1.0,9.0,9.0,10.0,1.0,7.0,7.0,1.0,8.0,7.0,10.0,10.0,2.0,9.0
1866,136,0,,,,,,,,,,,,,,,,,,,,
1871,137,1,26.0,New York,Real Estate,6.0,1.0,8.0,8.0,4.0,4.0,1.0,5.0,7.0,4.0,7.0,1.0,9.0,9.0,10.0,8.0,3.0
1876,138,1,32.0,"Greenwich, CT",investment banking,7.0,2.0,9.0,8.0,6.0,6.0,1.0,7.0,7.0,9.0,9.0,4.0,9.0,2.0,9.0,6.0,2.0
1881,139,1,37.0,Taiwan,engineering professional,7.0,5.0,8.0,10.0,9.0,9.0,6.0,5.0,6.0,10.0,8.0,7.0,10.0,8.0,9.0,7.0,8.0
1886,140,1,29.0,Europe,Investment Banking,8.0,6.0,8.0,9.0,5.0,5.0,5.0,5.0,7.0,9.0,6.0,7.0,6.0,4.0,5.0,4.0,3.0
1891,141,1,28.0,Colombia,MBA,10.0,10.0,3.0,9.0,5.0,5.0,7.0,5.0,7.0,3.0,8.0,9.0,10.0,8.0,9.0,6.0,6.0
1896,142,0,24.0,california,professor,5.0,6.0,6.0,6.0,5.0,5.0,6.0,14.0,7.0,6.0,6.0,6.0,6.0,6.0,8.0,6.0,6.0
1912,143,0,33.0,Albania,law,4.0,5.0,6.0,8.0,9.0,9.0,6.0,4.0,8.0,9.0,5.0,7.0,7.0,7.0,7.0,6.0,4.0
1928,144,0,23.0,PA,research,10.0,7.0,9.0,6.0,6.0,6.0,4.0,3.0,7.0,7.0,5.0,4.0,7.0,9.0,8.0,7.0,4.0
1944,145,0,24.0,Minnesota,Neuroscientist/Professor,2.0,1.0,2.0,9.0,9.0,5.0,2.0,2.0,1.0,8.0,10.0,10.0,10.0,5.0,8.0,9.0,2.0
1960,146,0,36.0,New York,Education,5.0,2.0,5.0,5.0,8.0,8.0,3.0,1.0,3.0,10.0,8.0,8.0,8.0,5.0,8.0,8.0,3.0
1976,147,0,26.0,New York,Business,8.0,7.0,8.0,9.0,9.0,9.0,5.0,2.0,8.0,10.0,8.0,9.0,8.0,6.0,6.0,7.0,10.0
1992,148,0,27.0,"Cherry Hill, NJ",Business,7.0,4.0,6.0,9.0,9.0,9.0,5.0,2.0,1.0,10.0,10.0,9.0,9.0,5.0,7.0,9.0,7.0
2008,149,0,28.0,Minneapolis,Professor and Government Official,8.0,4.0,5.0,8.0,8.0,8.0,8.0,3.0,6.0,6.0,6.0,5.0,8.0,7.0,10.0,9.0,8.0
2024,150,0,31.0,NYC,professor,5.0,1.0,3.0,5.0,3.0,3.0,9.0,1.0,5.0,7.0,1.0,1.0,7.0,5.0,4.0,2.0,10.0
2040,151,0,28.0,"ottawa, canada",international development work,5.0,1.0,8.0,10.0,9.0,8.0,8.0,4.0,1.0,8.0,1.0,9.0,8.0,9.0,10.0,7.0,7.0
2056,152,0,27.0,China,professor,4.0,1.0,4.0,8.0,9.0,8.0,5.0,5.0,7.0,10.0,5.0,9.0,10.0,9.0,9.0,7.0,1.0
2072,153,0,28.0,China,professor,8.0,5.0,7.0,7.0,7.0,6.0,6.0,5.0,7.0,10.0,6.0,7.0,9.0,7.0,7.0,8.0,5.0
2088,154,0,27.0,NYC,finance,10.0,7.0,8.0,8.0,6.0,6.0,6.0,1.0,6.0,8.0,7.0,7.0,8.0,6.0,6.0,3.0,2.0
2104,155,0,27.0,"Philadelphia, PA",Nonprofit,2.0,1.0,10.0,10.0,7.0,8.0,5.0,1.0,1.0,10.0,4.0,10.0,9.0,5.0,7.0,7.0,4.0
2120,156,0,30.0,"Atlanta, GA",Marketing and Media,3.0,7.0,10.0,10.0,10.0,10.0,8.0,7.0,9.0,10.0,10.0,10.0,10.0,10.0,10.0,7.0,8.0
2136,157,0,28.0,Cleveland,Brand Management,8.0,7.0,8.0,8.0,6.0,6.0,9.0,2.0,9.0,7.0,4.0,6.0,7.0,5.0,6.0,6.0,3.0
2152,158,1,23.0,NYC (Staten Island),"physicist, probably academia",2.0,4.0,4.0,6.0,7.0,4.0,7.0,7.0,6.0,8.0,6.0,5.0,8.0,4.0,9.0,5.0,1.0
2168,159,1,28.0,Greece,Academic,7.0,7.0,6.0,9.0,9.0,8.0,6.0,4.0,5.0,8.0,7.0,7.0,9.0,8.0,9.0,7.0,2.0
2184,160,1,29.0,North Carolina,Real Estate/ Private Equity,9.0,8.0,10.0,6.0,6.0,4.0,3.0,4.0,8.0,6.0,3.0,7.0,9.0,6.0,9.0,3.0,2.0
2200,161,1,22.0,"State College, PA",undecided,9.0,9.0,9.0,8.0,7.0,6.0,7.0,7.0,9.0,9.0,8.0,6.0,8.0,6.0,9.0,6.0,2.0
2216,162,1,27.0,Canada,pharmaceuticals and biotechnology,3.0,3.0,3.0,8.0,7.0,7.0,6.0,2.0,8.0,5.0,4.0,3.0,9.0,10.0,10.0,7.0,3.0
2232,163,1,26.0,Minnesota,college art teacher,6.0,2.0,2.0,4.0,8.0,8.0,4.0,1.0,1.0,8.0,1.0,6.0,6.0,4.0,6.0,2.0,1.0
2248,164,1,27.0,Los Angeles,academic,7.0,5.0,5.0,6.0,7.0,7.0,7.0,1.0,3.0,7.0,2.0,5.0,6.0,4.0,6.0,2.0,2.0
2264,165,1,30.0,Detroit,Writer,3.0,1.0,6.0,6.0,7.0,7.0,2.0,1.0,1.0,10.0,8.0,8.0,8.0,5.0,5.0,2.0,2.0
2280,166,1,26.0,Washington DC Metro Region,Finance,5.0,5.0,9.0,4.0,4.0,2.0,5.0,1.0,3.0,9.0,1.0,5.0,8.0,7.0,10.0,1.0,7.0
2296,167,1,23.0,colorado,professor,9.0,9.0,8.0,6.0,8.0,8.0,9.0,2.0,5.0,6.0,5.0,6.0,8.0,6.0,7.0,3.0,2.0
2312,168,1,23.0,"Berkeley, CA",TBA,5.0,5.0,3.0,5.0,5.0,5.0,5.0,3.0,3.0,5.0,3.0,5.0,5.0,5.0,3.0,3.0,3.0
2328,169,1,28.0,"Buffalo, NY","Research scientist, professor",10.0,7.0,8.0,9.0,9.0,7.0,7.0,1.0,6.0,4.0,2.0,7.0,6.0,8.0,8.0,4.0,4.0
2344,170,1,28.0,India,Physician Scientist,2.0,1.0,8.0,8.0,8.0,8.0,5.0,3.0,1.0,9.0,8.0,7.0,8.0,6.0,8.0,4.0,5.0
2360,171,1,29.0,France,Finance,8.0,2.0,8.0,8.0,5.0,5.0,5.0,2.0,8.0,9.0,6.0,6.0,9.0,4.0,9.0,7.0,1.0
2376,172,1,27.0,"London, England",Management Consulting,7.0,8.0,7.0,8.0,4.0,5.0,5.0,6.0,8.0,7.0,4.0,6.0,8.0,8.0,7.0,6.0,3.0
2392,173,1,22.0,NJ,professor,10.0,8.0,9.0,6.0,5.0,6.0,7.0,4.0,8.0,7.0,4.0,5.0,6.0,9.0,10.0,3.0,6.0
2408,174,0,29.0,Pennsylvania,Finance,5.0,4.0,6.0,6.0,8.0,8.0,4.0,4.0,6.0,8.0,4.0,6.0,5.0,9.0,9.0,6.0,5.0
2418,175,0,23.0,Ohio,Business,8.0,2.0,6.0,8.0,7.0,7.0,3.0,3.0,6.0,6.0,5.0,6.0,5.0,6.0,9.0,5.0,3.0
2428,176,0,28.0,California,Finance,7.0,6.0,5.0,10.0,10.0,9.0,7.0,4.0,4.0,5.0,5.0,8.0,8.0,8.0,8.0,6.0,3.0
2438,177,0,22.0,"San Diego, CA",management consulting,5.0,9.0,6.0,8.0,6.0,4.0,2.0,3.0,7.0,9.0,7.0,6.0,7.0,3.0,4.0,5.0,1.0
2448,178,0,35.0,New York,health policy,3.0,4.0,7.0,9.0,8.0,8.0,8.0,2.0,9.0,8.0,8.0,8.0,8.0,8.0,9.0,6.0,8.0
2458,179,0,30.0,California,academics,5.0,5.0,10.0,10.0,7.0,7.0,5.0,1.0,7.0,10.0,1.0,8.0,8.0,7.0,9.0,10.0,9.0
2468,180,0,24.0,taiwan,financial service or fashion,7.0,7.0,5.0,9.0,5.0,5.0,8.0,5.0,9.0,6.0,7.0,9.0,9.0,7.0,8.0,9.0,7.0
2478,181,0,22.0,"Brooklyn, NY",academic research,3.0,6.0,5.0,9.0,9.0,9.0,6.0,3.0,9.0,9.0,9.0,9.0,9.0,9.0,9.0,9.0,6.0
2488,182,0,22.0,New Jersey,Epidemiologist,5.0,6.0,2.0,8.0,3.0,2.0,1.0,4.0,1.0,7.0,8.0,2.0,6.0,4.0,10.0,8.0,1.0
2498,183,0,24.0,Uzbekistan,boxing champ,9.0,6.0,8.0,9.0,8.0,8.0,9.0,9.0,9.0,7.0,8.0,8.0,9.0,9.0,10.0,8.0,1.0
2508,184,1,34.0,Nebraska,International Business,5.0,2.0,4.0,8.0,8.0,7.0,8.0,3.0,8.0,8.0,3.0,9.0,8.0,5.0,6.0,2.0,8.0
2518,185,1,25.0,Queens,Paper Back Writer,8.0,7.0,8.0,8.0,8.0,9.0,6.0,7.0,8.0,9.0,9.0,9.0,9.0,8.0,9.0,9.0,9.0
2528,186,1,24.0,Kansas,Professor,5.0,1.0,4.0,9.0,5.0,3.0,6.0,1.0,1.0,6.0,7.0,4.0,7.0,8.0,8.0,6.0,3.0
2538,187,1,26.0,nyc,finance,3.0,5.0,10.0,5.0,10.0,10.0,1.0,2.0,1.0,10.0,5.0,8.0,8.0,10.0,10.0,1.0,1.0
2548,188,1,21.0,Atlanta,academician,2.0,1.0,5.0,10.0,8.0,8.0,5.0,7.0,5.0,7.0,3.0,5.0,5.0,5.0,7.0,7.0,3.0
2558,189,1,27.0,Uruguay,Child Rights,8.0,7.0,8.0,5.0,7.0,7.0,7.0,7.0,7.0,9.0,5.0,7.0,9.0,7.0,8.0,4.0,7.0
2568,190,1,25.0,Azerbaijan,Development work on field in the middle of nowhere,7.0,7.0,8.0,3.0,2.0,2.0,6.0,5.0,9.0,8.0,2.0,4.0,7.0,9.0,10.0,3.0,1.0
2578,191,1,28.0,Connecticut,Private Equity,8.0,1.0,7.0,8.0,6.0,6.0,6.0,1.0,8.0,7.0,3.0,4.0,8.0,4.0,7.0,1.0,7.0
2588,192,1,24.0,"Los Angeles, CA",Investment Management,7.0,5.0,7.0,7.0,3.0,2.0,6.0,8.0,7.0,9.0,6.0,3.0,6.0,7.0,8.0,4.0,5.0
2598,193,1,25.0,new york city,lawyer,8.0,10.0,7.0,9.0,9.0,8.0,1.0,1.0,4.0,10.0,10.0,10.0,10.0,9.0,9.0,9.0,5.0
2608,194,0,24.0,New York,Psychologist,8.0,6.0,6.0,9.0,6.0,6.0,4.0,8.0,7.0,9.0,9.0,6.0,9.0,5.0,7.0,9.0,4.0
2628,195,0,27.0,"Rochester, NY",professional student,7.0,6.0,9.0,8.0,5.0,5.0,9.0,9.0,8.0,10.0,1.0,3.0,4.0,3.0,6.0,5.0,1.0
2648,196,0,25.0,"Taipei, Taiwan",education,3.0,3.0,6.0,7.0,7.0,7.0,8.0,6.0,8.0,6.0,8.0,9.0,9.0,9.0,9.0,7.0,9.0
2668,197,0,24.0,Berkeley,Development work,6.0,1.0,4.0,10.0,8.0,8.0,4.0,7.0,5.0,9.0,6.0,5.0,10.0,8.0,10.0,7.0,3.0
2688,198,0,23.0,China,investment banking,6.0,8.0,6.0,9.0,8.0,8.0,9.0,5.0,7.0,4.0,9.0,9.0,9.0,9.0,9.0,10.0,4.0
2708,199,0,30.0,New York,Historian,8.0,3.0,10.0,10.0,10.0,10.0,1.0,1.0,7.0,10.0,4.0,7.0,8.0,3.0,5.0,7.0,1.0
2728,200,0,25.0,Northern California,International Development,10.0,3.0,9.0,8.0,7.0,7.0,10.0,3.0,6.0,8.0,1.0,8.0,8.0,9.0,10.0,3.0,4.0
2748,201,0,25.0,New York,Business,8.0,8.0,8.0,8.0,7.0,7.0,7.0,8.0,7.0,7.0,7.0,7.0,7.0,7.0,7.0,7.0,6.0
2768,202,0,22.0,"Silver Spring, MD",college professor,8.0,8.0,9.0,7.0,6.0,4.0,4.0,1.0,6.0,8.0,7.0,7.0,9.0,6.0,7.0,7.0,1.0
2788,203,0,22.0,Vestal,college professor,3.0,1.0,8.0,6.0,4.0,2.0,2.0,1.0,6.0,7.0,10.0,6.0,8.0,3.0,7.0,9.0,2.0
2808,204,0,26.0,Texas & Boston,marketing / brand management,10.0,5.0,9.0,9.0,10.0,10.0,3.0,1.0,9.0,8.0,4.0,5.0,5.0,3.0,8.0,10.0,7.0
2828,205,0,23.0,England,academic,8.0,2.0,6.0,8.0,6.0,6.0,7.0,2.0,6.0,9.0,3.0,3.0,8.0,5.0,6.0,3.0,5.0
2848,206,0,31.0,Cameroon,UN Civil Servant,5.0,5.0,5.0,9.0,7.0,7.0,7.0,7.0,9.0,9.0,5.0,7.0,7.0,7.0,9.0,5.0,7.0
2868,207,0,23.0,New Jersey,IP Law,10.0,8.0,8.0,7.0,5.0,5.0,2.0,3.0,4.0,3.0,7.0,7.0,6.0,5.0,7.0,9.0,6.0
2888,208,0,25.0,PA,Biotech/business,9.0,7.0,7.0,9.0,10.0,10.0,10.0,5.0,8.0,8.0,5.0,7.0,9.0,10.0,10.0,9.0,8.0
2908,209,0,28.0,New York,Country Analysis/Research/Credit Analysis,3.0,2.0,6.0,8.0,5.0,5.0,6.0,8.0,8.0,3.0,6.0,7.0,8.0,7.0,10.0,3.0,3.0
2928,210,0,29.0,Atlanta,scientific research,9.0,3.0,9.0,8.0,9.0,9.0,9.0,1.0,2.0,9.0,5.0,7.0,7.0,7.0,7.0,5.0,1.0
2948,211,0,28.0,Bulgaria,Humanitarian Affairs/Human Rights,9.0,8.0,9.0,10.0,9.0,9.0,5.0,8.0,1.0,9.0,9.0,10.0,10.0,9.0,7.0,10.0,7.0
2968,212,0,27.0,New York City,Finance,8.0,5.0,8.0,8.0,8.0,8.0,8.0,6.0,9.0,8.0,8.0,8.0,8.0,6.0,7.0,8.0,3.0
2988,213,0,25.0,New York Area/ New Jersey,International Business,8.0,7.0,9.0,8.0,8.0,7.0,6.0,7.0,7.0,8.0,7.0,10.0,10.0,8.0,9.0,8.0,5.0
3008,214,1,23.0,Philadelphia,Research Scientist,9.0,3.0,10.0,8.0,6.0,7.0,7.0,4.0,7.0,3.0,1.0,9.0,6.0,4.0,6.0,7.0,1.0
3028,215,1,26.0,Baltimore,Finance,8.0,6.0,9.0,9.0,6.0,4.0,2.0,7.0,6.0,9.0,5.0,2.0,9.0,2.0,7.0,9.0,2.0
3048,216,1,27.0,San Francisco,Consulting,2.0,1.0,2.0,7.0,7.0,5.0,3.0,5.0,1.0,13.0,6.0,6.0,7.0,6.0,5.0,2.0,1.0
3068,217,1,26.0,Houston,Academic Physician,1.0,2.0,8.0,7.0,8.0,8.0,10.0,1.0,2.0,10.0,4.0,8.0,6.0,10.0,10.0,1.0,7.0
3088,218,1,24.0,Russia/Germany,Researcher,9.0,3.0,5.0,7.0,9.0,10.0,7.0,3.0,7.0,5.0,1.0,5.0,7.0,8.0,8.0,6.0,1.0
3108,219,1,26.0,Spain,Business,8.0,2.0,7.0,7.0,7.0,8.0,3.0,3.0,6.0,7.0,2.0,6.0,7.0,7.0,10.0,3.0,10.0
3128,220,1,25.0,DC,"Poet, Writer, Singer, Policy Maker with the UN and/or Indian Govt.",9.0,9.0,5.0,10.0,9.0,10.0,10.0,6.0,8.0,10.0,2.0,5.0,5.0,5.0,9.0,5.0,5.0
3148,221,1,27.0,India,Investment Banking,5.0,6.0,3.0,7.0,6.0,3.0,4.0,3.0,7.0,8.0,7.0,8.0,8.0,4.0,4.0,4.0,1.0
3168,222,1,27.0,Germany,Professor or Consultant,5.0,1.0,6.0,8.0,10.0,9.0,6.0,4.0,7.0,9.0,1.0,9.0,9.0,10.0,8.0,3.0,1.0
3188,223,1,28.0,Wash DC (4 yrs),History Professor,8.0,7.0,6.0,6.0,8.0,7.0,6.0,7.0,8.0,9.0,6.0,5.0,10.0,6.0,7.0,5.0,2.0
3208,224,1,32.0,Sweden,Hero,6.0,4.0,4.0,7.0,5.0,5.0,5.0,6.0,8.0,10.0,1.0,8.0,9.0,2.0,4.0,1.0,8.0
3228,225,1,28.0,Colombia,Consulting,10.0,8.0,3.0,8.0,8.0,8.0,7.0,3.0,9.0,8.0,8.0,9.0,7.0,9.0,9.0,2.0,6.0
3248,226,1,23.0,Pittsburgh,Entertainment/Sports,10.0,7.0,8.0,6.0,7.0,7.0,3.0,2.0,8.0,4.0,5.0,6.0,7.0,4.0,9.0,2.0,4.0
3268,227,1,26.0,New York,corporate finance,7.0,7.0,7.0,10.0,9.0,7.0,2.0,6.0,5.0,10.0,8.0,8.0,9.0,5.0,7.0,5.0,1.0
3288,228,1,24.0,Germany,professor,3.0,1.0,2.0,8.0,4.0,5.0,8.0,4.0,6.0,9.0,2.0,4.0,7.0,8.0,9.0,2.0,8.0
3308,229,1,28.0,New York,CEO in For Profit Biomedical Organization,8.0,5.0,7.0,7.0,1.0,1.0,5.0,3.0,3.0,8.0,5.0,1.0,5.0,2.0,6.0,1.0,1.0
3328,230,1,42.0,"Detroit, Michigan, USA",consulting,1.0,1.0,2.0,1.0,10.0,10.0,10.0,1.0,1.0,10.0,10.0,10.0,10.0,5.0,10.0,10.0,6.0
3348,231,1,30.0,"Los Angeles, CA",International affairs related career,5.0,2.0,7.0,9.0,9.0,6.0,8.0,1.0,9.0,9.0,1.0,8.0,9.0,9.0,10.0,1.0,7.0
3368,232,1,31.0,"Washington, DC",public service,5.0,5.0,9.0,8.0,7.0,8.0,9.0,3.0,8.0,7.0,4.0,6.0,8.0,7.0,7.0,3.0,5.0
3388,233,1,29.0,J.P. Morgan,banking,10.0,9.0,8.0,10.0,8.0,8.0,7.0,9.0,8.0,5.0,10.0,8.0,10.0,10.0,10.0,8.0,6.0
3408,234,0,22.0,Virginia,Educational Policy,5.0,3.0,10.0,10.0,9.0,5.0,2.0,1.0,4.0,9.0,5.0,6.0,5.0,5.0,9.0,7.0,4.0
3417,235,0,23.0,"Boston, MA",elementary school teacher,1.0,3.0,3.0,10.0,9.0,10.0,2.0,1.0,7.0,7.0,1.0,9.0,9.0,6.0,10.0,10.0,7.0
3426,236,0,24.0,Indiana,Research/Teaching,9.0,6.0,3.0,7.0,9.0,9.0,7.0,1.0,8.0,7.0,5.0,4.0,7.0,4.0,10.0,4.0,2.0
3435,237,0,34.0,lOS aNGELES,WRITING,1.0,1.0,10.0,7.0,8.0,9.0,9.0,1.0,1.0,10.0,6.0,8.0,6.0,2.0,9.0,2.0,10.0
3444,238,0,27.0,Wisconsin,manage a museum or art gallery,8.0,5.0,8.0,8.0,10.0,10.0,8.0,2.0,8.0,7.0,5.0,9.0,9.0,10.0,10.0,7.0,6.0
3453,239,0,34.0,"Born in Montana, raised in South Jersey (nr. Philadelphia)",Conservation training and education,3.0,3.0,5.0,8.0,8.0,7.0,8.0,1.0,6.0,9.0,6.0,8.0,8.0,6.0,7.0,1.0,8.0
3462,240,0,26.0,New York,Entertainment/Media,10.0,10.0,9.0,10.0,10.0,8.0,9.0,14.0,9.0,10.0,10.0,10.0,10.0,10.0,10.0,10.0,3.0
3471,241,0,29.0,New York,president,8.0,1.0,5.0,7.0,7.0,7.0,4.0,1.0,3.0,4.0,1.0,3.0,4.0,6.0,7.0,6.0,3.0
3480,242,0,26.0,uruguay,researcher in sociology,6.0,5.0,5.0,8.0,10.0,10.0,9.0,4.0,9.0,10.0,1.0,9.0,10.0,10.0,10.0,1.0,8.0
3489,243,1,27.0,"Portland, Oregon",Professor,7.0,2.0,7.0,9.0,5.0,8.0,5.0,7.0,3.0,9.0,5.0,5.0,9.0,8.0,8.0,6.0,2.0
3498,244,1,28.0,Seattle,Management Consultant,5.0,2.0,10.0,8.0,6.0,4.0,9.0,1.0,3.0,13.0,9.0,8.0,9.0,3.0,4.0,3.0,1.0
3507,245,1,32.0,"Lexington, MA",Academic (Law),3.0,1.0,2.0,6.0,7.0,8.0,4.0,8.0,6.0,9.0,2.0,7.0,8.0,6.0,6.0,1.0,6.0
3516,246,1,25.0,"brooklyn, ny",scientist,6.0,5.0,5.0,7.0,5.0,5.0,3.0,2.0,6.0,8.0,8.0,9.0,9.0,8.0,9.0,5.0,2.0
3525,247,1,25.0,"Shanghai, China",Naturalist,5.0,4.0,7.0,1.0,3.0,2.0,9.0,4.0,2.0,5.0,3.0,3.0,3.0,3.0,3.0,2.0,6.0
3534,248,1,27.0,San Francisco,Trader,7.0,1.0,8.0,7.0,5.0,1.0,8.0,6.0,8.0,6.0,3.0,7.0,7.0,4.0,7.0,6.0,1.0
3543,249,1,33.0,Chile,Wall Street Economist,7.0,9.0,1.0,10.0,8.0,6.0,1.0,1.0,6.0,10.0,7.0,3.0,8.0,8.0,5.0,4.0,1.0
3552,250,1,25.0,"Toronto, London, India","professor, poet/critic",7.0,2.0,8.0,10.0,10.0,10.0,6.0,1.0,2.0,10.0,1.0,9.0,9.0,10.0,10.0,6.0,5.0
3561,251,1,33.0,Israel,Am not sure,7.0,6.0,1.0,6.0,8.0,8.0,5.0,8.0,4.0,9.0,7.0,6.0,9.0,6.0,8.0,2.0,3.0
3570,252,0,28.0,Mexico,Professor,4.0,3.0,3.0,8.0,7.0,6.0,7.0,4.0,9.0,9.0,2.0,9.0,9.0,9.0,9.0,9.0,2.0
3591,253,0,33.0,Japan,researcher/academia,5.0,3.0,5.0,8.0,10.0,10.0,6.0,1.0,6.0,10.0,7.0,7.0,10.0,7.0,7.0,7.0,3.0
3612,254,0,22.0,"Boulder, Colorado",academia,8.0,2.0,6.0,10.0,9.0,9.0,8.0,1.0,7.0,9.0,8.0,9.0,9.0,7.0,7.0,7.0,8.0
3633,255,0,26.0,Maryland,nutrition and dental,6.0,8.0,9.0,6.0,6.0,6.0,4.0,2.0,5.0,6.0,4.0,7.0,7.0,8.0,8.0,9.0,1.0
3654,256,0,24.0,Northern Virginia,Physician,5.0,3.0,6.0,7.0,6.0,5.0,6.0,5.0,5.0,5.0,8.0,6.0,8.0,8.0,8.0,9.0,3.0
3675,257,0,24.0,I am from NYC,Art educator and Artist,7.0,1.0,6.0,9.0,10.0,10.0,10.0,3.0,4.0,10.0,2.0,5.0,10.0,10.0,10.0,4.0,10.0
3696,258,0,25.0,Seattle,Teacher,9.0,6.0,7.0,7.0,8.0,3.0,10.0,4.0,1.0,10.0,3.0,8.0,5.0,2.0,6.0,6.0,2.0
3717,259,0,25.0,Texas,Scientist,8.0,3.0,7.0,8.0,7.0,7.0,4.0,2.0,7.0,8.0,6.0,7.0,7.0,5.0,7.0,5.0,6.0
3738,260,0,27.0,"Malaysia, then Massachusetts",Scientist/educator,9.0,6.0,7.0,9.0,5.0,5.0,6.0,2.0,3.0,9.0,6.0,7.0,7.0,9.0,9.0,5.0,3.0
3759,261,0,26.0,"Katonah, NY (more recently, Boston)",scientific research for now but who knows,6.0,4.0,3.0,9.0,9.0,8.0,3.0,5.0,8.0,9.0,2.0,9.0,9.0,9.0,9.0,4.0,6.0
3780,262,0,29.0,"Warsaw, Poland",Who knows,9.0,9.0,8.0,7.0,7.0,3.0,7.0,1.0,3.0,10.0,4.0,1.0,7.0,5.0,8.0,1.0,1.0
3801,263,0,26.0,"Brooklyn, NY",Who knows,1.0,1.0,1.0,5.0,7.0,7.0,7.0,1.0,3.0,9.0,4.0,7.0,7.0,7.0,8.0,9.0,6.0
3822,264,0,26.0,"Washington, D.C.",College Professor,7.0,1.0,7.0,5.0,7.0,8.0,6.0,1.0,5.0,9.0,7.0,4.0,8.0,2.0,6.0,2.0,1.0
3843,265,0,32.0,New York,Professor or Lawyer,2.0,9.0,8.0,8.0,7.0,8.0,2.0,1.0,2.0,10.0,6.0,7.0,10.0,8.0,9.0,2.0,1.0
3864,266,0,28.0,new york city,undecided,5.0,4.0,5.0,4.0,7.0,8.0,8.0,1.0,6.0,5.0,1.0,4.0,10.0,6.0,7.0,2.0,6.0
3885,267,0,26.0,Taiwan,dietician,4.0,8.0,5.0,9.0,7.0,6.0,4.0,7.0,8.0,3.0,9.0,5.0,9.0,4.0,9.0,10.0,2.0
3906,268,0,24.0,Texas,Medicine,8.0,6.0,6.0,5.0,4.0,3.0,6.0,5.0,5.0,8.0,4.0,5.0,5.0,4.0,4.0,4.0,4.0
3927,269,0,24.0,New Jersey,professor,4.0,1.0,8.0,8.0,8.0,10.0,7.0,3.0,1.0,10.0,3.0,6.0,6.0,6.0,9.0,4.0,2.0
3948,270,0,23.0,Toronto,Researcher,8.0,4.0,6.0,9.0,8.0,7.0,8.0,4.0,6.0,9.0,2.0,7.0,5.0,6.0,7.0,6.0,4.0
3969,271,0,23.0,New York,Social Work,8.0,7.0,10.0,9.0,10.0,10.0,5.0,5.0,6.0,7.0,7.0,9.0,9.0,9.0,8.0,9.0,5.0
3990,272,0,25.0,New York,Social Work,6.0,7.0,10.0,10.0,9.0,8.0,7.0,6.0,8.0,9.0,9.0,9.0,9.0,9.0,10.0,9.0,8.0
4011,273,1,29.0,czech republic,research position in pharmaceutical industry,6.0,1.0,5.0,7.0,7.0,4.0,8.0,1.0,3.0,2.0,5.0,7.0,8.0,8.0,8.0,3.0,2.0
4032,274,1,24.0,Mexico,academia,3.0,3.0,4.0,7.0,6.0,5.0,4.0,5.0,1.0,10.0,7.0,6.0,8.0,9.0,10.0,8.0,7.0
4053,275,1,21.0,Siberia,Investment Banking,9.0,1.0,10.0,6.0,7.0,7.0,4.0,6.0,5.0,10.0,1.0,9.0,7.0,7.0,9.0,5.0,9.0
4074,276,1,26.0,"New Hope, PA",Academia,6.0,2.0,8.0,9.0,8.0,9.0,2.0,3.0,6.0,9.0,1.0,4.0,7.0,6.0,7.0,2.0,2.0
4095,277,1,25.0,Connecticut,Professor,10.0,6.0,10.0,5.0,8.0,8.0,10.0,5.0,3.0,8.0,2.0,7.0,8.0,6.0,6.0,1.0,2.0
4116,278,1,32.0,"boston, ma",research/academia,8.0,1.0,5.0,9.0,9.0,9.0,9.0,5.0,8.0,9.0,5.0,7.0,9.0,9.0,9.0,5.0,1.0
4137,279,1,25.0,"Las Vegas, Nevada",Scientist,7.0,1.0,6.0,5.0,2.0,3.0,5.0,3.0,4.0,9.0,6.0,3.0,8.0,1.0,2.0,1.0,1.0
4158,280,1,25.0,Budapest,Scientist,8.0,1.0,5.0,5.0,6.0,5.0,5.0,4.0,2.0,10.0,2.0,7.0,10.0,7.0,8.0,2.0,2.0
4179,281,1,27.0,Russia,research,4.0,4.0,2.0,4.0,7.0,5.0,8.0,1.0,2.0,6.0,2.0,6.0,8.0,7.0,5.0,3.0,9.0
4200,282,1,23.0,UNCC,enterpreneur,10.0,10.0,10.0,5.0,4.0,4.0,4.0,7.0,8.0,9.0,5.0,7.0,7.0,7.0,10.0,5.0,1.0
4221,283,1,27.0,Boston,Industry CTO/CEO,9.0,6.0,6.0,6.0,4.0,4.0,8.0,6.0,6.0,8.0,1.0,5.0,3.0,3.0,7.0,2.0,7.0
4242,284,1,27.0,Iceland,Film/Television,9.0,2.0,5.0,7.0,7.0,9.0,8.0,1.0,5.0,9.0,5.0,5.0,9.0,8.0,9.0,8.0,5.0
4263,285,1,24.0,International Student,finance or engineering,5.0,7.0,6.0,10.0,9.0,10.0,9.0,14.0,5.0,9.0,7.0,3.0,10.0,10.0,10.0,10.0,10.0
4284,286,1,22.0,Russia,professor,7.0,3.0,4.0,3.0,8.0,7.0,9.0,9.0,4.0,8.0,6.0,8.0,7.0,8.0,6.0,3.0,8.0
4305,287,1,22.0,Nepal,Writing,2.0,1.0,5.0,7.0,2.0,2.0,9.0,6.0,4.0,10.0,8.0,8.0,10.0,8.0,8.0,8.0,8.0
4326,288,1,27.0,"Washington, DC",professor,9.0,5.0,3.0,8.0,5.0,5.0,6.0,4.0,4.0,9.0,2.0,6.0,7.0,5.0,7.0,2.0,2.0
4347,289,1,28.0,California,Venture Capital/Consulting/Government,10.0,6.0,1.0,7.0,3.0,6.0,10.0,5.0,3.0,10.0,6.0,5.0,7.0,6.0,8.0,2.0,1.0
4368,290,1,34.0,Israel,research,7.0,1.0,8.0,7.0,7.0,4.0,3.0,2.0,1.0,10.0,1.0,3.0,5.0,9.0,10.0,2.0,5.0
4389,291,1,27.0,New Jersey,doctor and entrepreneur,9.0,7.0,7.0,7.0,7.0,7.0,5.0,6.0,5.0,7.0,5.0,6.0,7.0,5.0,8.0,5.0,5.0
4410,292,1,28.0,New York City,Int'l Business,10.0,5.0,8.0,8.0,7.0,5.0,10.0,7.0,9.0,7.0,4.0,7.0,9.0,5.0,10.0,1.0,1.0
4431,293,1,28.0,Northern New Jersey,Pharmaceuticals/Consulting,6.0,9.0,7.0,10.0,8.0,7.0,6.0,6.0,8.0,9.0,6.0,9.0,9.0,8.0,8.0,6.0,4.0
4452,294,0,30.0,New York City,Secondary Education Teacher,7.0,8.0,4.0,9.0,10.0,10.0,1.0,1.0,7.0,10.0,3.0,10.0,9.0,7.0,8.0,8.0,5.0
4466,295,0,30.0,Arizona,High School Social Studies Teacher,7.0,8.0,8.0,5.0,7.0,5.0,3.0,1.0,2.0,10.0,7.0,10.0,10.0,8.0,8.0,5.0,8.0
4480,296,0,28.0,New York,Education Policy Analyst,4.0,5.0,2.0,8.0,8.0,7.0,6.0,5.0,9.0,9.0,9.0,8.0,7.0,8.0,10.0,9.0,7.0
4494,297,0,21.0,Texas,Literacy Organization head/ Director of Development for non-profit,5.0,2.0,8.0,8.0,10.0,10.0,3.0,3.0,5.0,10.0,8.0,10.0,10.0,8.0,8.0,8.0,6.0
4508,298,0,22.0,"Buffalo, NY",English Teacher,3.0,1.0,3.0,5.0,10.0,10.0,3.0,1.0,4.0,10.0,5.0,10.0,10.0,10.0,10.0,9.0,7.0
4522,299,0,24.0,Maryland,Program development / policy work,7.0,1.0,7.0,8.0,9.0,8.0,9.0,4.0,9.0,9.0,6.0,7.0,9.0,7.0,9.0,5.0,4.0
4536,300,0,35.0,"Buffalo, NY",Researcher,8.0,2.0,8.0,9.0,10.0,10.0,7.0,2.0,5.0,8.0,2.0,10.0,8.0,8.0,10.0,4.0,2.0
4550,301,0,34.0,"Washington, DC",professor of education,5.0,3.0,9.0,10.0,7.0,8.0,5.0,1.0,5.0,9.0,5.0,9.0,10.0,9.0,9.0,5.0,9.0
4564,302,0,21.0,Long Island,speech pathologist,10.0,10.0,9.0,7.0,5.0,6.0,6.0,6.0,8.0,5.0,7.0,7.0,7.0,9.0,9.0,6.0,6.0
4578,303,0,33.0,"Brooklyn, NY",Educator,7.0,1.0,9.0,9.0,9.0,7.0,7.0,1.0,1.0,10.0,2.0,9.0,9.0,8.0,9.0,5.0,1.0
4592,304,0,28.0,NYC-6 yrs. Grew up in Nebraska,Speech Pathologist,10.0,1.0,8.0,7.0,7.0,8.0,2.0,1.0,4.0,8.0,1.0,8.0,9.0,7.0,7.0,8.0,9.0
4606,305,0,29.0,philippines,teaching/education,8.0,2.0,7.0,10.0,7.0,7.0,8.0,2.0,7.0,8.0,7.0,8.0,9.0,7.0,7.0,9.0,8.0
4620,306,0,22.0,Taiwan,professor in college,6.0,6.0,9.0,8.0,5.0,5.0,7.0,4.0,5.0,6.0,9.0,9.0,9.0,5.0,5.0,9.0,5.0
4634,307,0,27.0,Virginia,Teacher,10.0,8.0,10.0,9.0,8.0,9.0,10.0,1.0,5.0,10.0,7.0,10.0,10.0,8.0,10.0,9.0,3.0
4648,308,1,27.0,"Cambridge, Massachusetts",Academia; Research; Teaching,7.0,7.0,7.0,8.0,8.0,8.0,8.0,7.0,3.0,7.0,9.0,8.0,9.0,7.0,8.0,7.0,7.0
4662,309,1,32.0,NYC,curriculum developer,6.0,4.0,4.0,9.0,8.0,10.0,8.0,5.0,7.0,9.0,6.0,8.0,9.0,8.0,10.0,4.0,4.0
4676,310,1,25.0,NJ,?,2.0,2.0,3.0,7.0,6.0,6.0,3.0,8.0,5.0,9.0,8.0,7.0,9.0,5.0,6.0,5.0,3.0
4690,311,1,29.0,New York,Entrepreneur,10.0,8.0,9.0,10.0,7.0,6.0,8.0,9.0,1.0,7.0,4.0,6.0,8.0,10.0,10.0,9.0,8.0
4704,312,1,23.0,NYC,Museum Work (Curation?),7.0,7.0,5.0,7.0,9.0,8.0,10.0,5.0,3.0,8.0,5.0,6.0,9.0,7.0,8.0,2.0,1.0
4718,313,1,27.0,Boston,Music Industry,9.0,8.0,6.0,8.0,6.0,3.0,6.0,1.0,9.0,6.0,3.0,2.0,7.0,8.0,10.0,5.0,1.0
4732,314,1,32.0,"New Delhi, India",academic or consulting,9.0,2.0,7.0,8.0,6.0,4.0,2.0,2.0,2.0,6.0,7.0,3.0,7.0,6.0,8.0,8.0,8.0
4746,315,1,27.0,way too little space here. world citizen.,Academia or UN,8.0,2.0,2.0,8.0,8.0,8.0,8.0,2.0,8.0,7.0,1.0,8.0,9.0,7.0,7.0,2.0,2.0
4760,316,1,25.0,Philadelphia,Investment banking,9.0,3.0,5.0,7.0,6.0,6.0,6.0,4.0,6.0,9.0,5.0,4.0,4.0,7.0,9.0,4.0,1.0
4774,317,1,30.0,Italy,International Development banker,8.0,1.0,5.0,10.0,6.0,10.0,4.0,3.0,8.0,4.0,1.0,10.0,10.0,8.0,9.0,1.0,1.0
4788,318,1,29.0,"Ottawa, Canada","Corporate Finance, Asset Management/ Hedge Funds",8.0,4.0,8.0,6.0,4.0,5.0,7.0,7.0,7.0,7.0,6.0,7.0,8.0,5.0,8.0,7.0,6.0
4802,319,1,26.0,New Jersey,I am a teacher.,8.0,7.0,5.0,7.0,5.0,4.0,8.0,7.0,1.0,5.0,7.0,2.0,2.0,10.0,9.0,2.0,3.0
4816,320,1,36.0,Pennsylvania,Professor or journalist,4.0,1.0,9.0,9.0,8.0,4.0,6.0,3.0,1.0,10.0,1.0,5.0,7.0,2.0,5.0,2.0,1.0
4830,321,1,29.0,France  / New York,Finance,7.0,4.0,4.0,8.0,5.0,5.0,4.0,2.0,7.0,5.0,2.0,6.0,8.0,6.0,7.0,2.0,1.0
4844,322,0,34.0,Tokyo and Texas,to get Ph.D and be a professor,8.0,7.0,7.0,6.0,6.0,6.0,9.0,3.0,6.0,7.0,2.0,8.0,8.0,8.0,8.0,3.0,1.0
4853,323,0,25.0,Taiwan,Education,5.0,7.0,7.0,7.0,8.0,7.0,7.0,6.0,6.0,7.0,8.0,9.0,9.0,8.0,8.0,8.0,6.0
4862,324,0,23.0,"Erie, PA",school psychologist,8.0,8.0,6.0,10.0,8.0,8.0,9.0,6.0,9.0,7.0,8.0,10.0,8.0,10.0,10.0,7.0,7.0
4871,325,0,30.0,New York,School Psychologist,5.0,7.0,9.0,9.0,9.0,9.0,7.0,7.0,7.0,9.0,7.0,9.0,9.0,9.0,9.0,4.0,6.0
4880,326,0,36.0,"Westchester, new York",Educator,2.0,2.0,3.0,8.0,8.0,8.0,2.0,2.0,6.0,9.0,6.0,10.0,8.0,10.0,10.0,10.0,8.0
4889,327,0,29.0,USA/American,Consulting,1.0,1.0,5.0,10.0,8.0,7.0,7.0,1.0,6.0,10.0,1.0,9.0,8.0,9.0,9.0,1.0,5.0
4898,328,0,30.0,NYC,Teacher,8.0,3.0,10.0,10.0,10.0,10.0,10.0,1.0,5.0,10.0,7.0,10.0,10.0,10.0,10.0,5.0,10.0
4907,329,0,29.0,"Great Neck, NY",teacher,3.0,2.0,7.0,7.0,10.0,10.0,3.0,1.0,4.0,10.0,2.0,10.0,7.0,6.0,8.0,2.0,1.0
4916,330,0,22.0,California (West Coast),not sure yet :),8.0,7.0,7.0,8.0,5.0,5.0,2.0,2.0,9.0,5.0,7.0,2.0,8.0,4.0,9.0,5.0,2.0
4925,331,0,34.0,New Jersey,Early Childhood Ed. - College/univ. faculity,4.0,7.0,4.0,6.0,7.0,7.0,10.0,2.0,1.0,9.0,3.0,7.0,7.0,9.0,9.0,4.0,10.0
4934,332,1,30.0,japan,medical examiner or researcher,7.0,2.0,8.0,5.0,10.0,10.0,7.0,3.0,7.0,9.0,5.0,8.0,10.0,5.0,9.0,7.0,1.0
4944,333,1,23.0,"Portland, OR",Investment Banking,10.0,5.0,10.0,7.0,3.0,1.0,10.0,5.0,3.0,8.0,2.0,4.0,8.0,2.0,4.0,3.0,6.0
4954,334,1,29.0,New York/South Korea/Japan,Healthcare,9.0,4.0,9.0,9.0,8.0,8.0,5.0,6.0,8.0,5.0,5.0,6.0,6.0,3.0,5.0,8.0,5.0
4964,335,1,24.0,Michigan,research,9.0,1.0,9.0,4.0,7.0,7.0,4.0,1.0,4.0,8.0,6.0,5.0,4.0,3.0,8.0,5.0,7.0
4974,336,1,25.0,Miami,Architecture and design,5.0,4.0,4.0,5.0,8.0,10.0,4.0,1.0,1.0,9.0,4.0,6.0,10.0,10.0,10.0,3.0,4.0
4984,337,1,28.0,"Dallas, Texas",Civil Engineer,9.0,9.0,8.0,8.0,8.0,7.0,5.0,4.0,6.0,7.0,5.0,7.0,8.0,7.0,6.0,4.0,4.0
4994,338,1,27.0,"Bombay, India",Real Estate Consulting,4.0,2.0,7.0,6.0,8.0,8.0,8.0,6.0,6.0,8.0,4.0,10.0,10.0,7.0,7.0,5.0,10.0
5004,339,1,,,,,,,,,,,,,,,,,,,,
5014,340,1,,,,,,,,,,,,,,,,,,,,
5024,341,0,23.0,New Jersey,undecided,1.0,2.0,1.0,10.0,9.0,9.0,8.0,1.0,6.0,10.0,10.0,10.0,10.0,10.0,10.0,9.0,10.0
5042,342,0,33.0,"Palo Alto, CA",University President,3.0,4.0,4.0,10.0,9.0,10.0,1.0,1.0,8.0,7.0,10.0,8.0,10.0,1.0,4.0,10.0,4.0
5060,343,0,32.0,New York,Epidemiologist,6.0,3.0,3.0,10.0,10.0,10.0,8.0,2.0,3.0,5.0,4.0,8.0,9.0,9.0,9.0,9.0,7.0
5078,344,0,26.0,New Mexico,Security Policy - Homeland Defense,9.0,7.0,5.0,6.0,7.0,6.0,4.0,3.0,9.0,4.0,4.0,9.0,9.0,9.0,9.0,9.0,5.0
5096,345,0,24.0,Brooklyn,Nutritionist,5.0,1.0,10.0,6.0,5.0,5.0,3.0,4.0,8.0,9.0,6.0,7.0,7.0,8.0,9.0,6.0,9.0
5114,346,0,,,,,,,,,,,,,,,,,,,,
5132,347,0,26.0,"WASHINGTON, D.C.",GOVERNOR,1.0,1.0,2.0,10.0,3.0,3.0,1.0,1.0,8.0,2.0,5.0,3.0,8.0,1.0,7.0,10.0,1.0
5150,348,0,21.0,CALIFORNIA,EDUCATION ADMINISTRATION,3.0,5.0,1.0,10.0,10.0,10.0,2.0,1.0,9.0,10.0,7.0,10.0,7.0,7.0,7.0,10.0,5.0
5168,349,0,33.0,New York,Director of Training and Development,2.0,3.0,10.0,8.0,7.0,8.0,7.0,1.0,6.0,7.0,4.0,8.0,8.0,8.0,9.0,6.0,7.0
5186,350,0,31.0,New Jersey,Private practice Dietician,9.0,2.0,10.0,9.0,8.0,8.0,8.0,7.0,7.0,9.0,9.0,9.0,9.0,9.0,9.0,5.0,7.0
5204,351,0,35.0,Taiwan,"music educator, performer",5.0,2.0,5.0,10.0,10.0,10.0,7.0,2.0,3.0,10.0,3.0,10.0,10.0,10.0,10.0,5.0,5.0
5222,352,0,29.0,Taiwan,Artist,8.0,5.0,10.0,10.0,10.0,10.0,8.0,4.0,5.0,5.0,8.0,9.0,9.0,10.0,10.0,7.0,7.0
5240,353,0,25.0,Taiwan,teacher,3.0,4.0,5.0,8.0,9.0,9.0,8.0,8.0,5.0,6.0,4.0,9.0,9.0,8.0,9.0,8.0,5.0
5258,354,0,22.0,Manhattan,Clinical Psychology,10.0,10.0,10.0,10.0,8.0,8.0,1.0,1.0,1.0,8.0,10.0,10.0,10.0,10.0,10.0,10.0,6.0
5276,355,0,24.0,NJ,Clinical Psychologist,9.0,1.0,7.0,8.0,7.0,7.0,7.0,1.0,9.0,9.0,2.0,9.0,9.0,9.0,9.0,9.0,2.0
5294,356,0,27.0,Pennsylvania,Psychologist,10.0,9.0,8.0,10.0,8.0,5.0,7.0,1.0,5.0,8.0,9.0,8.0,9.0,7.0,10.0,5.0,6.0
5312,357,0,27.0,"atlanta, ga",education,2.0,6.0,10.0,10.0,10.0,10.0,8.0,1.0,7.0,10.0,6.0,10.0,8.0,7.0,7.0,8.0,1.0
5330,358,0,26.0,California and New York,Marketing or Strategy and Business Development,6.0,2.0,7.0,10.0,4.0,5.0,2.0,4.0,9.0,9.0,6.0,5.0,8.0,4.0,5.0,7.0,3.0
5348,359,0,26.0,California,"reorganizing society. no, I am not being flip.",2.0,1.0,1.0,7.0,2.0,2.0,6.0,8.0,1.0,10.0,3.0,7.0,8.0,8.0,8.0,1.0,4.0
5366,360,0,24.0,"New Delhi, India",Clinical Psychologist,9.0,7.0,6.0,9.0,7.0,8.0,9.0,9.0,1.0,7.0,6.0,7.0,7.0,10.0,10.0,7.0,8.0
5384,361,1,34.0,Bronx Science,Intellectual Property Attorney,3.0,1.0,3.0,5.0,9.0,10.0,3.0,3.0,4.0,10.0,6.0,8.0,9.0,7.0,7.0,3.0,2.0
5404,362,1,30.0,Spain,Law,8.0,2.0,1.0,9.0,6.0,6.0,6.0,4.0,7.0,6.0,4.0,6.0,6.0,6.0,6.0,7.0,2.0
5424,363,1,23.0,"nashville, TN",investment banking,3.0,3.0,9.0,10.0,4.0,5.0,8.0,6.0,9.0,7.0,5.0,5.0,8.0,7.0,5.0,8.0,5.0
5444,364,1,27.0,Miami,Consulting,9.0,7.0,9.0,9.0,4.0,3.0,3.0,5.0,1.0,9.0,5.0,4.0,7.0,5.0,6.0,8.0,1.0
5464,365,1,30.0,France,Make money,7.0,3.0,3.0,9.0,9.0,10.0,8.0,4.0,8.0,8.0,1.0,5.0,7.0,9.0,10.0,5.0,5.0
5484,366,1,27.0,Australia,Art Management,6.0,6.0,4.0,8.0,9.0,9.0,7.0,6.0,8.0,9.0,4.0,6.0,7.0,10.0,10.0,8.0,6.0
5504,367,1,27.0,"Toronto, Canada",Political Development in Africa,6.0,7.0,8.0,8.0,5.0,5.0,3.0,4.0,8.0,5.0,6.0,3.0,3.0,7.0,8.0,7.0,2.0
5524,368,1,24.0,UK/Turkey,Journalist,4.0,6.0,4.0,8.0,9.0,7.0,3.0,8.0,9.0,9.0,9.0,7.0,9.0,8.0,9.0,8.0,4.0
5544,369,1,25.0,"Boston, MA","clinical psychologist, researcher, professor",2.0,6.0,2.0,6.0,7.0,7.0,7.0,1.0,1.0,10.0,3.0,7.0,5.0,6.0,8.0,1.0,1.0
5564,370,1,28.0,New York,Consulting,7.0,8.0,7.0,7.0,6.0,6.0,3.0,1.0,6.0,7.0,2.0,2.0,2.0,5.0,9.0,4.0,1.0
5584,371,1,27.0,Chicago,Intl Development,10.0,7.0,7.0,3.0,3.0,3.0,3.0,3.0,3.0,4.0,5.0,3.0,6.0,10.0,10.0,1.0,7.0
5604,372,1,27.0,Midwest USA,undecided,9.0,10.0,8.0,9.0,9.0,9.0,7.0,4.0,2.0,9.0,6.0,8.0,6.0,7.0,7.0,4.0,2.0
5624,373,1,29.0,Costa Rica,Business Consulting,7.0,5.0,8.0,8.0,7.0,6.0,3.0,5.0,9.0,8.0,2.0,3.0,4.0,5.0,9.0,8.0,2.0
5644,374,1,30.0,SOUTH KOREA,CONSULTING,10.0,10.0,8.0,7.0,8.0,8.0,5.0,5.0,6.0,5.0,6.0,9.0,10.0,9.0,8.0,4.0,4.0
5664,375,1,27.0,Yugoslavia,Private Equity,9.0,8.0,5.0,8.0,4.0,4.0,2.0,2.0,7.0,5.0,6.0,5.0,6.0,3.0,6.0,7.0,3.0
5684,376,1,25.0,los angeles,still wondering,4.0,1.0,4.0,10.0,5.0,6.0,7.0,7.0,3.0,3.0,9.0,7.0,9.0,5.0,6.0,9.0,5.0
5704,377,1,26.0,new york,investment management,7.0,9.0,6.0,6.0,3.0,3.0,1.0,7.0,8.0,6.0,8.0,5.0,8.0,7.0,8.0,6.0,2.0
5724,378,1,29.0,Wisconsin,Finance Related,9.0,5.0,10.0,5.0,4.0,4.0,2.0,1.0,8.0,7.0,3.0,3.0,8.0,5.0,8.0,5.0,2.0
5744,379,0,38.0,"NYC, San Francisco",Media Marketing/Entrepreneurship,4.0,4.0,6.0,7.0,8.0,8.0,7.0,2.0,2.0,6.0,7.0,7.0,9.0,6.0,6.0,3.0,5.0
5763,380,0,33.0,Chicago,film directing,7.0,8.0,8.0,8.0,5.0,5.0,3.0,1.0,5.0,5.0,7.0,7.0,10.0,9.0,9.0,9.0,9.0
5782,381,0,24.0,California,Screenwriter,5.0,5.0,5.0,7.0,8.0,8.0,6.0,5.0,6.0,9.0,6.0,4.0,8.0,7.0,8.0,8.0,7.0
5801,382,0,28.0,New York City,Filmmaker,6.0,5.0,10.0,10.0,9.0,9.0,6.0,8.0,3.0,8.0,10.0,8.0,10.0,9.0,9.0,9.0,1.0
5820,383,0,27.0,Massachusetts,Director of Admissions,9.0,7.0,9.0,9.0,8.0,8.0,5.0,1.0,5.0,6.0,9.0,4.0,9.0,8.0,7.0,7.0,4.0
5839,384,0,23.0,Connecticut,Undecided,8.0,5.0,7.0,9.0,10.0,10.0,3.0,3.0,7.0,6.0,7.0,10.0,10.0,5.0,6.0,6.0,3.0
5858,385,0,25.0,Oregon,Elementary Education Teaching,7.0,5.0,8.0,10.0,10.0,10.0,10.0,6.0,8.0,9.0,6.0,10.0,10.0,8.0,10.0,9.0,8.0
5877,386,0,26.0,New York,School Psychologist,1.0,3.0,5.0,8.0,7.0,7.0,2.0,5.0,7.0,8.0,8.0,9.0,9.0,8.0,8.0,8.0,3.0
5896,387,0,25.0,New Jersey,School Psychologist,5.0,5.0,8.0,8.0,6.0,6.0,4.0,3.0,8.0,7.0,7.0,8.0,8.0,7.0,7.0,8.0,2.0
5915,388,0,24.0,"San Francisco, CA",School Counseling,7.0,4.0,8.0,7.0,3.0,3.0,5.0,3.0,4.0,7.0,6.0,6.0,7.0,6.0,6.0,6.0,4.0
5934,389,0,21.0,Florida and Virginia,attorney?,7.0,8.0,5.0,8.0,7.0,7.0,10.0,2.0,1.0,10.0,7.0,8.0,8.0,10.0,10.0,7.0,8.0
5953,390,0,30.0,Hong Kong,Academic,6.0,1.0,6.0,10.0,6.0,6.0,8.0,1.0,4.0,10.0,6.0,8.0,8.0,8.0,8.0,4.0,6.0
5972,391,0,28.0,Maryland,Writer,8.0,1.0,6.0,8.0,6.0,7.0,9.0,1.0,9.0,9.0,1.0,3.0,5.0,5.0,5.0,4.0,2.0
5991,392,0,26.0,"New York, NY",Writer/teacher,4.0,3.0,3.0,9.0,10.0,9.0,9.0,1.0,3.0,10.0,6.0,8.0,10.0,5.0,10.0,7.0,7.0
6010,393,0,22.0,Long Island,Writing or Editorial,3.0,2.0,3.0,5.0,9.0,9.0,4.0,3.0,4.0,9.0,6.0,7.0,8.0,7.0,7.0,5.0,4.0
6029,394,0,24.0,San Francisco Bay Area,writer/editor,3.0,1.0,4.0,9.0,8.0,8.0,10.0,1.0,1.0,10.0,6.0,9.0,9.0,8.0,7.0,7.0,2.0
6048,395,0,33.0,Los Angeles,writer/editor,3.0,4.0,4.0,10.0,8.0,8.0,6.0,1.0,8.0,9.0,3.0,10.0,10.0,7.0,9.0,7.0,8.0
6067,396,0,25.0,Hawaii and Los Angeles,producer at a non-profit regional theatre,3.0,8.0,7.0,10.0,10.0,10.0,7.0,7.0,7.0,10.0,9.0,10.0,10.0,10.0,10.0,7.0,7.0
6086,397,1,24.0,New Jersey,Lawyer,9.0,8.0,8.0,6.0,7.0,7.0,6.0,2.0,6.0,7.0,5.0,7.0,8.0,4.0,7.0,5.0,1.0
6104,398,1,29.0,Italy,Consultin \ Management,4.0,1.0,2.0,10.0,7.0,7.0,9.0,9.0,8.0,7.0,7.0,7.0,9.0,6.0,5.0,6.0,2.0
6122,399,1,29.0,Chicago,Consulting,9.0,2.0,9.0,9.0,9.0,9.0,7.0,3.0,5.0,9.0,1.0,6.0,7.0,8.0,10.0,3.0,8.0
6140,400,1,26.0,Italy,Entrepreneur,7.0,4.0,7.0,7.0,6.0,6.0,6.0,1.0,8.0,7.0,1.0,7.0,7.0,6.0,7.0,1.0,1.0
6158,401,1,31.0,Germany,Consulting,10.0,1.0,4.0,8.0,8.0,8.0,8.0,2.0,5.0,5.0,1.0,8.0,8.0,10.0,10.0,7.0,3.0
6176,402,1,29.0,Korea,Financial Mathematics-Investment Bank or Hedge Fund-Derivatives Quant Analyst,10.0,2.0,6.0,9.0,6.0,6.0,9.0,7.0,4.0,3.0,3.0,5.0,8.0,4.0,4.0,6.0,9.0
6194,403,1,22.0,Paris,Work in an investment bank,9.0,8.0,3.0,7.0,4.0,3.0,5.0,3.0,3.0,5.0,6.0,5.0,8.0,3.0,6.0,2.0,1.0
6212,404,1,23.0,France,Investment Banking,10.0,5.0,8.0,10.0,8.0,8.0,9.0,7.0,9.0,8.0,4.0,5.0,8.0,7.0,8.0,6.0,3.0
6230,405,1,30.0,New York City,Diplomat / Int'l civil servant,6.0,1.0,6.0,9.0,8.0,9.0,2.0,6.0,8.0,8.0,6.0,10.0,9.0,7.0,9.0,9.0,5.0
6248,406,1,27.0,Minneapolis,Finance,4.0,6.0,8.0,9.0,6.0,7.0,8.0,6.0,6.0,7.0,7.0,8.0,9.0,7.0,10.0,2.0,1.0
6266,407,1,24.0,New Jersey,Screenwriter,8.0,4.0,7.0,9.0,9.0,9.0,7.0,4.0,2.0,9.0,5.0,7.0,10.0,9.0,9.0,7.0,7.0
6284,408,1,24.0,NYC,Diplomat/Business,7.0,7.0,9.0,8.0,9.0,8.0,3.0,5.0,1.0,6.0,2.0,4.0,8.0,6.0,10.0,2.0,1.0
6302,409,1,23.0,france,research - teaching,10.0,4.0,1.0,4.0,7.0,8.0,10.0,2.0,8.0,7.0,2.0,6.0,8.0,10.0,10.0,5.0,2.0
6320,410,1,27.0,"Austin, TX",business,10.0,8.0,5.0,8.0,1.0,1.0,8.0,10.0,1.0,8.0,2.0,2.0,4.0,4.0,5.0,1.0,1.0
6338,411,1,34.0,Washington DC,M&A Advisory,7.0,6.0,6.0,7.0,7.0,6.0,3.0,3.0,1.0,8.0,1.0,7.0,6.0,7.0,10.0,8.0,3.0
6356,412,1,27.0,New Jersey,millionaire,10.0,10.0,10.0,5.0,8.0,8.0,0.0,7.0,3.0,8.0,6.0,5.0,5.0,8.0,8.0,4.0,4.0
6374,413,1,26.0,"Woburn, MA",Real Estate,6.0,7.0,5.0,7.0,5.0,3.0,5.0,5.0,4.0,6.0,8.0,6.0,9.0,6.0,6.0,7.0,0.0
6392,414,1,29.0,New Jersey,business,10.0,5.0,9.0,5.0,0.0,0.0,5.0,5.0,0.0,8.0,7.0,0.0,0.0,0.0,1.0,2.0,0.0
6410,415,1,31.0,"Atlanta, GA",Trader,1.0,1.0,6.0,6.0,7.0,5.0,1.0,1.0,3.0,10.0,1.0,6.0,6.0,3.0,7.0,1.0,1.0
6428,416,0,25.0,Miami,Clinical Psychologist,4.0,1.0,8.0,8.0,7.0,6.0,6.0,1.0,8.0,7.0,8.0,5.0,7.0,5.0,10.0,4.0,3.0
6436,417,0,29.0,Greece/Germany,Clinical Psychologist,6.0,1.0,4.0,5.0,8.0,8.0,8.0,3.0,5.0,7.0,2.0,6.0,7.0,7.0,6.0,3.0,8.0
6444,418,0,25.0,New York,Lawyer,2.0,2.0,5.0,9.0,7.0,8.0,6.0,5.0,6.0,10.0,8.0,8.0,10.0,7.0,9.0,7.0,7.0
6452,419,0,28.0,Colorado,Social Work Policy,6.0,2.0,5.0,8.0,5.0,6.0,5.0,2.0,9.0,9.0,8.0,9.0,9.0,6.0,6.0,4.0,7.0
6460,420,0,22.0,Indiana,Social Worker,8.0,4.0,5.0,10.0,8.0,8.0,7.0,4.0,3.0,9.0,7.0,8.0,7.0,4.0,5.0,6.0,4.0
6468,421,0,25.0,California,Social Worker,1.0,1.0,1.0,8.0,5.0,5.0,1.0,5.0,5.0,5.0,8.0,10.0,10.0,5.0,10.0,10.0,5.0
6476,422,1,26.0,Florida,Fundraising for Non-Profits,7.0,2.0,8.0,9.0,9.0,9.0,10.0,2.0,4.0,7.0,5.0,9.0,8.0,6.0,6.0,7.0,9.0
6482,423,1,30.0,Canada,Money Management,9.0,2.0,9.0,8.0,7.0,7.0,7.0,6.0,5.0,9.0,5.0,5.0,8.0,7.0,5.0,5.0,4.0
6488,424,1,24.0,TN,Research,7.0,7.0,7.0,7.0,5.0,5.0,6.0,7.0,5.0,5.0,7.0,5.0,8.0,5.0,7.0,8.0,5.0
6494,425,1,28.0,"New York, NY",General Management,7.0,8.0,8.0,8.0,7.0,6.0,5.0,2.0,7.0,5.0,5.0,6.0,7.0,5.0,7.0,2.0,2.0
6500,426,1,24.0,New Jersey,Lobbyist,7.0,2.0,7.0,8.0,6.0,4.0,3.0,2.0,6.0,5.0,3.0,7.0,6.0,6.0,6.0,4.0,2.0
6506,427,1,28.0,California,Energy,10.0,1.0,10.0,8.0,7.0,7.0,9.0,1.0,3.0,8.0,1.0,4.0,5.0,7.0,10.0,1.0,10.0
6512,428,1,27.0,New York,Management Consulting,6.0,5.0,5.0,9.0,6.0,7.0,6.0,5.0,6.0,7.0,5.0,6.0,7.0,5.0,7.0,7.0,3.0
6518,429,1,27.0,"Pittsburgh, PA",Investment Management,7.0,8.0,8.0,9.0,8.0,8.0,8.0,6.0,7.0,9.0,8.0,8.0,8.0,8.0,8.0,7.0,6.0
6524,430,0,22.0,California,Elementary school teacher,10.0,10.0,10.0,6.0,3.0,2.0,4.0,2.0,4.0,4.0,8.0,9.0,9.0,8.0,8.0,5.0,4.0
6538,431,0,27.0,Southern California,Public School Principal,10.0,9.0,7.0,10.0,10.0,10.0,10.0,5.0,4.0,10.0,7.0,7.0,5.0,8.0,10.0,10.0,3.0
6552,432,0,28.0,"Hastings-on-Hudson, NY",Social Worker,2.0,2.0,2.0,10.0,10.0,10.0,7.0,1.0,6.0,6.0,4.0,9.0,8.0,8.0,7.0,5.0,5.0
6566,433,0,30.0,Northern California,Writer,3.0,3.0,8.0,8.0,8.0,8.0,8.0,1.0,6.0,7.0,5.0,7.0,8.0,5.0,5.0,5.0,3.0
6580,434,0,27.0,Maryland,Trade Specialist,4.0,2.0,9.0,6.0,3.0,3.0,3.0,2.0,7.0,2.0,6.0,2.0,2.0,4.0,7.0,8.0,4.0
6594,435,0,22.0,New Jersey,Lawyer,5.0,5.0,6.0,9.0,8.0,8.0,3.0,2.0,9.0,9.0,1.0,8.0,7.0,9.0,9.0,10.0,10.0
6608,436,0,23.0,California,Law,8.0,5.0,9.0,10.0,8.0,7.0,8.0,5.0,1.0,9.0,10.0,8.0,10.0,6.0,10.0,10.0,4.0
6622,437,0,23.0,North Carolina,Social Work,6.0,7.0,7.0,8.0,9.0,9.0,8.0,5.0,6.0,9.0,7.0,10.0,10.0,10.0,10.0,5.0,6.0
6636,438,0,23.0,California,Clinical Social Worker,3.0,1.0,8.0,9.0,5.0,5.0,8.0,4.0,7.0,6.0,5.0,7.0,9.0,10.0,9.0,8.0,3.0
6650,439,0,29.0,Baltimore,Bilingual Elementary School Teacher,8.0,4.0,8.0,9.0,8.0,9.0,6.0,1.0,7.0,9.0,6.0,4.0,9.0,9.0,9.0,6.0,6.0
6664,440,1,21.0,"Milano, Italy",Lawyer,10.0,10.0,10.0,10.0,7.0,7.0,7.0,3.0,1.0,3.0,5.0,5.0,10.0,8.0,10.0,8.0,5.0
6674,441,1,24.0,Boston,Corporate law,6.0,1.0,6.0,7.0,7.0,8.0,7.0,14.0,9.0,9.0,8.0,9.0,10.0,10.0,10.0,7.0,2.0
6684,442,1,25.0,poland,tax lawyer,7.0,1.0,7.0,5.0,1.0,1.0,7.0,1.0,8.0,6.0,1.0,1.0,5.0,3.0,5.0,2.0,1.0
6694,443,1,27.0,New York,Economic Policy Advisor on Latin America,9.0,5.0,7.0,8.0,5.0,5.0,5.0,3.0,7.0,6.0,1.0,6.0,7.0,8.0,8.0,4.0,5.0
6704,444,1,26.0,"Los Angeles, CA",Media Management,8.0,8.0,9.0,2.0,6.0,8.0,6.0,2.0,5.0,2.0,7.0,1.0,10.0,3.0,5.0,5.0,6.0
6714,445,1,30.0,"Burlington, Vermont",Energy Management,9.0,6.0,8.0,8.0,5.0,3.0,9.0,5.0,9.0,10.0,5.0,4.0,10.0,8.0,9.0,5.0,1.0
6724,446,1,28.0,"Bogota, Colombia",Finance,9.0,2.0,9.0,8.0,8.0,7.0,6.0,3.0,6.0,6.0,5.0,6.0,6.0,5.0,8.0,3.0,3.0
6734,447,1,26.0,India,Public Finance,7.0,5.0,6.0,8.0,3.0,2.0,6.0,2.0,5.0,6.0,3.0,4.0,8.0,4.0,9.0,2.0,4.0
6744,448,1,22.0,New York City,Business Management,3.0,2.0,4.0,9.0,8.0,9.0,3.0,5.0,9.0,7.0,3.0,6.0,7.0,6.0,10.0,6.0,5.0
6754,449,1,23.0,New York,Business/Law,8.0,2.0,6.0,8.0,7.0,5.0,5.0,3.0,1.0,9.0,7.0,6.0,9.0,2.0,6.0,4.0,1.0
6764,450,1,25.0,Singapore,Diplomat,7.0,3.0,9.0,9.0,9.0,9.0,9.0,9.0,3.0,5.0,7.0,9.0,10.0,9.0,10.0,5.0,10.0
6774,451,1,30.0,"Asia, Singapore",banking,3.0,3.0,2.0,4.0,4.0,3.0,3.0,4.0,3.0,6.0,7.0,5.0,7.0,7.0,8.0,6.0,6.0
6784,452,1,29.0,Singapore,private equity,9.0,6.0,8.0,7.0,8.0,7.0,8.0,7.0,9.0,8.0,7.0,8.0,9.0,8.0,10.0,5.0,3.0
6794,453,1,27.0,"Shanghai, China",lawyer,6.0,3.0,5.0,6.0,6.0,5.0,6.0,5.0,3.0,6.0,6.0,4.0,7.0,6.0,5.0,4.0,1.0
6804,454,0,27.0,California,Teacher,5.0,8.0,5.0,9.0,9.0,9.0,7.0,1.0,4.0,9.0,4.0,9.0,9.0,8.0,8.0,4.0,9.0
6810,455,0,24.0,India,Research,3.0,5.0,3.0,10.0,10.0,7.0,7.0,1.0,8.0,10.0,4.0,8.0,9.0,8.0,9.0,9.0,7.0
6816,456,0,29.0,NJ,Health care finance,1.0,1.0,8.0,8.0,7.0,7.0,6.0,2.0,8.0,8.0,4.0,7.0,7.0,6.0,6.0,8.0,8.0
6822,457,0,55.0,"Santa Barbara, California",writer,1.0,2.0,1.0,8.0,9.0,9.0,10.0,1.0,1.0,10.0,4.0,7.0,3.0,10.0,8.0,1.0,1.0
6828,458,0,29.0,Hong Kong,Entrepreneurship,9.0,1.0,6.0,10.0,8.0,6.0,9.0,3.0,6.0,9.0,7.0,8.0,8.0,4.0,1.0,10.0,9.0
6834,459,0,26.0,New York City,Fixed Income Sales & Trading,1.0,3.0,1.0,9.0,8.0,9.0,1.0,1.0,6.0,4.0,6.0,8.0,8.0,8.0,8.0,8.0,1.0
6840,460,1,33.0,"Cincinnati, Ohio",Professor,9.0,7.0,10.0,10.0,10.0,10.0,8.0,1.0,7.0,9.0,10.0,6.0,9.0,10.0,10.0,1.0,5.0
6846,461,1,27.0,india,"physician, informaticist",9.0,8.0,9.0,9.0,7.0,7.0,9.0,8.0,6.0,2.0,2.0,7.0,6.0,6.0,6.0,4.0,4.0
6852,462,1,33.0,"Cambridge, MA","Professor, or Engineer",8.0,7.0,5.0,2.0,6.0,6.0,1.0,2.0,7.0,3.0,8.0,5.0,7.0,6.0,9.0,2.0,2.0
6858,463,1,23.0,China,Not sure yet,5.0,4.0,7.0,5.0,4.0,3.0,3.0,5.0,4.0,5.0,4.0,4.0,4.0,4.0,7.0,3.0,1.0
6864,464,1,33.0,Singapore,Management Consulting,10.0,9.0,6.0,7.0,3.0,3.0,5.0,5.0,9.0,3.0,4.0,6.0,7.0,7.0,7.0,2.0,1.0
6870,465,1,23.0,new york,playing music,4.0,8.0,1.0,3.0,8.0,8.0,4.0,1.0,4.0,9.0,2.0,1.0,3.0,10.0,10.0,1.0,1.0
6876,466,0,24.0,Texas/London,unknown,4.0,2.0,9.0,8.0,5.0,6.0,4.0,3.0,2.0,8.0,5.0,5.0,7.0,6.0,8.0,4.0,2.0
6891,467,0,24.0,"CT, FL, TN","Consulting, later Arts or Non-Profit",8.0,4.0,9.0,9.0,9.0,9.0,8.0,5.0,8.0,9.0,8.0,9.0,9.0,9.0,9.0,9.0,9.0
6906,468,0,25.0,Detroit suburbs,Professor; Human Rights Director,8.0,3.0,7.0,7.0,7.0,8.0,8.0,2.0,6.0,8.0,7.0,5.0,9.0,9.0,9.0,7.0,6.0
6921,469,0,25.0,"Tokyo, Japan",Work at the UN,10.0,7.0,7.0,7.0,7.0,7.0,3.0,3.0,4.0,7.0,9.0,7.0,7.0,7.0,8.0,6.0,9.0
6936,470,0,29.0,south carolina,medicine,1.0,1.0,1.0,10.0,10.0,10.0,2.0,1.0,3.0,10.0,5.0,10.0,10.0,6.0,6.0,10.0,1.0
6951,471,0,30.0,"California, New Jersey",physician,3.0,4.0,6.0,10.0,7.0,7.0,5.0,2.0,9.0,7.0,8.0,6.0,8.0,6.0,6.0,10.0,4.0
6966,472,0,25.0,California,Urban Planner,10.0,6.0,7.0,9.0,9.0,8.0,9.0,1.0,7.0,8.0,1.0,10.0,10.0,10.0,10.0,5.0,9.0
6981,473,0,34.0,Belgium,Clinic Trial,7.0,5.0,5.0,8.0,8.0,8.0,8.0,6.0,6.0,9.0,8.0,8.0,9.0,9.0,9.0,7.0,7.0
6996,474,0,30.0,alabama,scientist,10.0,2.0,10.0,10.0,7.0,7.0,9.0,2.0,9.0,8.0,1.0,4.0,3.0,7.0,10.0,6.0,9.0
7011,475,0,27.0,San Francisco,International Development,1.0,1.0,6.0,10.0,6.0,5.0,2.0,0.0,5.0,4.0,4.0,9.0,8.0,3.0,5.0,6.0,9.0
7026,476,0,25.0,California,International Development,4.0,1.0,7.0,9.0,5.0,5.0,4.0,1.0,7.0,3.0,3.0,3.0,3.0,3.0,7.0,6.0,3.0
7041,477,0,27.0,Canada,Engineer,9.0,6.0,7.0,8.0,6.0,8.0,8.0,4.0,7.0,7.0,4.0,7.0,8.0,7.0,7.0,6.0,4.0
7056,478,0,26.0,Washington DC,Finance/Economics,9.0,7.0,9.0,7.0,7.0,9.0,9.0,3.0,3.0,8.0,4.0,7.0,9.0,8.0,9.0,4.0,6.0
7071,479,0,27.0,colorado,Banking,10.0,7.0,10.0,9.0,8.0,7.0,9.0,1.0,7.0,5.0,4.0,7.0,7.0,7.0,7.0,7.0,7.0
7086,480,0,26.0,New Jersey,Planning,7.0,1.0,8.0,9.0,9.0,9.0,3.0,1.0,6.0,10.0,3.0,3.0,4.0,4.0,4.0,5.0,7.0
7101,481,1,23.0,"Westchester County, N.Y.",English teacher,3.0,3.0,7.0,9.0,8.0,7.0,1.0,2.0,5.0,8.0,2.0,7.0,10.0,10.0,10.0,6.0,1.0
7116,482,1,30.0,Florida,Management Consulting,9.0,7.0,5.0,9.0,6.0,5.0,8.0,2.0,5.0,9.0,6.0,7.0,7.0,2.0,4.0,4.0,3.0
7131,483,1,28.0,Romania,professor,10.0,1.0,10.0,10.0,10.0,10.0,5.0,1.0,1.0,10.0,5.0,10.0,10.0,10.0,10.0,10.0,5.0
7146,484,1,31.0,Los Angeles,professional career,7.0,3.0,5.0,9.0,9.0,9.0,9.0,3.0,7.0,9.0,1.0,9.0,9.0,9.0,9.0,2.0,7.0
7161,485,1,29.0,"South Orange, New Jersey",writer/teacher,6.0,10.0,9.0,7.0,7.0,7.0,4.0,6.0,6.0,9.0,8.0,8.0,8.0,7.0,8.0,7.0,4.0
7176,486,1,32.0,"Colombia, South America",Medical Sciences,7.0,1.0,3.0,10.0,8.0,6.0,4.0,1.0,9.0,8.0,1.0,7.0,10.0,5.0,8.0,2.0,2.0
7191,487,1,24.0,New Jersey,Professor...?,4.0,4.0,2.0,8.0,5.0,3.0,2.0,5.0,2.0,7.0,8.0,5.0,9.0,6.0,10.0,6.0,2.0
7206,488,1,29.0,India,Management Consulting,3.0,3.0,3.0,9.0,5.0,1.0,1.0,1.0,8.0,8.0,8.0,8.0,8.0,8.0,8.0,8.0,3.0
7221,489,1,28.0,Greece,Business,7.0,7.0,7.0,9.0,9.0,9.0,6.0,9.0,9.0,6.0,6.0,9.0,9.0,9.0,7.0,6.0,5.0
7236,490,1,29.0,Northern New Jersey,writer/producer,3.0,1.0,2.0,7.0,7.0,7.0,6.0,2.0,5.0,9.0,9.0,8.0,10.0,9.0,8.0,7.0,4.0
7251,491,1,29.0,New Jersey,Investment Banker,9.0,2.0,9.0,9.0,9.0,8.0,9.0,7.0,9.0,8.0,2.0,7.0,8.0,8.0,9.0,9.0,6.0
7266,492,1,30.0,new york,acadeic,10.0,10.0,10.0,10.0,10.0,10.0,10.0,2.0,4.0,10.0,7.0,5.0,5.0,2.0,5.0,10.0,10.0
7281,493,1,20.0,Philippines,politics,10.0,10.0,7.0,7.0,4.0,4.0,3.0,3.0,6.0,7.0,10.0,8.0,8.0,7.0,7.0,10.0,6.0
7296,494,1,30.0,Boston,film and radio,8.0,10.0,4.0,10.0,10.0,10.0,1.0,1.0,4.0,8.0,6.0,9.0,10.0,7.0,8.0,9.0,10.0
7311,495,1,32.0,Miami,Film,7.0,5.0,6.0,7.0,5.0,6.0,7.0,7.0,6.0,5.0,6.0,7.0,7.0,6.0,5.0,5.0,6.0
7326,496,0,23.0,Indiana,researcher,8.0,1.0,8.0,7.0,7.0,7.0,8.0,1.0,1.0,7.0,3.0,3.0,3.0,5.0,5.0,5.0,5.0
7333,497,0,24.0,"Boston, Ma",biology industry,7.0,5.0,1.0,8.0,7.0,6.0,7.0,3.0,1.0,7.0,8.0,6.0,9.0,9.0,8.0,8.0,7.0
7340,498,0,25.0,Baltimore,scientist,3.0,1.0,5.0,7.0,3.0,3.0,6.0,6.0,9.0,8.0,9.0,6.0,8.0,8.0,8.0,3.0,1.0
7347,499,0,26.0,New York,Professor,1.0,1.0,1.0,9.0,9.0,9.0,2.0,1.0,8.0,9.0,6.0,8.0,10.0,10.0,10.0,5.0,1.0
7354,500,0,25.0,"Kansas City, Missouri",Epidemiologist,4.0,2.0,6.0,7.0,7.0,7.0,2.0,2.0,7.0,8.0,5.0,7.0,8.0,8.0,8.0,6.0,5.0
7361,501,0,26.0,Upstate New York,epidemiologist,5.0,4.0,8.0,8.0,9.0,9.0,6.0,1.0,3.0,9.0,7.0,9.0,9.0,9.0,10.0,7.0,6.0
7368,502,1,26.0,Boston,Business,8.0,8.0,9.0,6.0,5.0,5.0,10.0,9.0,8.0,7.0,8.0,6.0,9.0,5.0,8.0,3.0,4.0
7374,503,1,25.0,California,Scientist,2.0,4.0,4.0,8.0,8.0,8.0,7.0,5.0,2.0,6.0,5.0,7.0,8.0,9.0,9.0,7.0,7.0
7380,504,1,23.0,Maryland,consultant,1.0,1.0,2.0,4.0,4.0,4.0,8.0,1.0,3.0,6.0,1.0,5.0,6.0,7.0,7.0,3.0,1.0
7386,505,1,27.0,"Manila, Philippines",Writer/Editor,10.0,6.0,10.0,5.0,10.0,10.0,9.0,7.0,1.0,10.0,10.0,10.0,10.0,10.0,10.0,10.0,10.0
7392,506,1,24.0,California,Finance,6.0,4.0,6.0,7.0,7.0,7.0,8.0,2.0,4.0,9.0,2.0,5.0,5.0,5.0,5.0,2.0,1.0
7398,507,1,24.0,Florida,Epidemiologist,10.0,9.0,10.0,9.0,9.0,8.0,7.0,4.0,5.0,8.0,5.0,7.0,6.0,6.0,8.0,3.0,2.0
7404,508,1,36.0,New York,unsure,10.0,4.0,7.0,6.0,4.0,4.0,4.0,9.0,7.0,10.0,3.0,5.0,4.0,7.0,10.0,4.0,8.0
7410,509,0,28.0,working,journalism,6.0,3.0,6.0,7.0,7.0,7.0,3.0,3.0,4.0,6.0,4.0,4.0,8.0,5.0,7.0,7.0,7.0
7432,510,0,26.0,Chile,Professor,8.0,1.0,4.0,10.0,8.0,7.0,10.0,5.0,7.0,9.0,1.0,3.0,9.0,7.0,5.0,1.0,7.0
7454,511,0,23.0,India,Business Management and Information Technology,6.0,5.0,5.0,7.0,8.0,10.0,10.0,3.0,9.0,8.0,5.0,8.0,9.0,9.0,10.0,7.0,8.0
7476,512,0,,"Cambridge, MA",Actress,1.0,1.0,1.0,8.0,9.0,10.0,8.0,0.0,9.0,9.0,6.0,10.0,9.0,7.0,10.0,5.0,5.0
7498,513,0,23.0,Florida,Actress,1.0,1.0,9.0,9.0,9.0,9.0,1.0,0.0,8.0,9.0,8.0,9.0,10.0,6.0,8.0,6.0,6.0
7520,514,0,23.0,New York,teacher and performer,5.0,3.0,7.0,7.0,8.0,10.0,2.0,2.0,1.0,8.0,6.0,10.0,8.0,9.0,10.0,6.0,7.0
7542,515,0,23.0,Kansas,Writer/journalist,10.0,10.0,8.0,9.0,9.0,8.0,10.0,3.0,8.0,9.0,8.0,9.0,10.0,7.0,10.0,5.0,9.0
7564,516,0,27.0,California,Scientist,3.0,3.0,6.0,10.0,9.0,9.0,5.0,5.0,8.0,9.0,6.0,9.0,4.0,9.0,9.0,9.0,3.0
7586,517,0,30.0,Mexico,Acting,2.0,1.0,9.0,9.0,6.0,8.0,4.0,1.0,2.0,9.0,3.0,10.0,8.0,4.0,4.0,3.0,9.0
7608,518,0,23.0,San Diego,Actress,4.0,2.0,5.0,8.0,6.0,7.0,5.0,5.0,9.0,9.0,8.0,8.0,8.0,6.0,8.0,9.0,4.0
7630,519,0,26.0,Boston,School Leadership/Politics,9.0,5.0,9.0,5.0,8.0,7.0,7.0,2.0,3.0,9.0,4.0,7.0,8.0,7.0,8.0,2.0,2.0
7652,520,0,28.0,Hawaii,Foreign Service,4.0,6.0,8.0,8.0,10.0,8.0,5.0,2.0,9.0,10.0,8.0,9.0,8.0,5.0,5.0,8.0,2.0
7674,521,0,26.0,Salt Lake City,Exec. Director of social service non-profit,7.0,7.0,8.0,8.0,8.0,8.0,10.0,7.0,5.0,8.0,6.0,7.0,8.0,8.0,8.0,6.0,6.0
7696,522,0,22.0,Pennsylvania,Assistant District Attorney,6.0,6.0,6.0,7.0,8.0,9.0,3.0,3.0,7.0,9.0,8.0,10.0,10.0,7.0,7.0,5.0,3.0
7718,523,0,27.0,China,??,8.0,1.0,5.0,9.0,4.0,3.0,6.0,7.0,8.0,13.0,5.0,2.0,7.0,8.0,9.0,3.0,1.0
7740,524,0,25.0,Michigan,physician/healthcare,4.0,1.0,7.0,9.0,8.0,8.0,6.0,3.0,8.0,7.0,7.0,8.0,8.0,5.0,5.0,7.0,5.0
7762,525,0,24.0,"Saratoga, NY",Sex Therapist,6.0,2.0,8.0,6.0,5.0,5.0,3.0,2.0,1.0,8.0,8.0,9.0,10.0,7.0,8.0,8.0,1.0
7784,526,0,26.0,New Jersey,Social Work,2.0,1.0,3.0,10.0,10.0,7.0,6.0,5.0,10.0,8.0,4.0,10.0,8.0,6.0,8.0,4.0,10.0
7806,527,0,24.0,California,Social Worker,5.0,5.0,1.0,8.0,7.0,7.0,6.0,2.0,7.0,6.0,6.0,8.0,7.0,8.0,8.0,7.0,6.0
7828,528,0,29.0,NYC,Social Worker,5.0,8.0,4.0,2.0,2.0,2.0,8.0,6.0,2.0,2.0,2.0,3.0,7.0,3.0,3.0,2.0,2.0
7850,529,0,22.0,HKG,Engineer,7.0,4.0,6.0,10.0,8.0,8.0,8.0,6.0,5.0,5.0,5.0,8.0,8.0,8.0,8.0,4.0,4.0
7872,530,0,22.0,China,dont know yet,7.0,10.0,5.0,6.0,3.0,8.0,6.0,7.0,6.0,3.0,5.0,8.0,10.0,9.0,10.0,6.0,3.0
7894,531,1,25.0,"BEIJING, CHINA",TEACHING,10.0,10.0,6.0,6.0,10.0,10.0,10.0,6.0,6.0,6.0,10.0,10.0,10.0,8.0,10.0,1.0,6.0
7916,532,1,26.0,California,ASIC Engineer,7.0,8.0,6.0,8.0,6.0,4.0,4.0,8.0,6.0,9.0,7.0,6.0,8.0,6.0,7.0,5.0,2.0
7938,533,1,26.0,Greece,Academic/ Finance,7.0,3.0,5.0,7.0,5.0,5.0,7.0,2.0,5.0,3.0,1.0,5.0,7.0,6.0,7.0,2.0,2.0
7960,534,1,24.0,Bangladesh,"software engr, network engr",7.0,9.0,3.0,9.0,9.0,8.0,6.0,7.0,7.0,7.0,3.0,6.0,7.0,8.0,7.0,4.0,1.0
7982,535,1,23.0,Maryland,Science,4.0,3.0,4.0,7.0,7.0,6.0,2.0,8.0,8.0,8.0,6.0,6.0,9.0,8.0,9.0,5.0,6.0
8004,536,1,29.0,Italy,Finance,7.0,3.0,5.0,8.0,7.0,7.0,3.0,2.0,7.0,8.0,6.0,4.0,9.0,7.0,9.0,7.0,1.0
8026,537,1,22.0,San Francisco/LA,Law,6.0,6.0,7.0,10.0,8.0,8.0,3.0,3.0,6.0,10.0,8.0,10.0,10.0,10.0,10.0,10.0,1.0
8048,538,1,32.0,Born in Iran,self-made millionare,8.0,2.0,8.0,8.0,8.0,8.0,8.0,8.0,6.0,8.0,5.0,4.0,6.0,3.0,6.0,6.0,6.0
8070,539,1,22.0,Russia,Lawyer,8.0,9.0,8.0,9.0,9.0,9.0,4.0,6.0,8.0,8.0,6.0,7.0,9.0,7.0,7.0,7.0,6.0
8092,540,1,24.0,Persia,"Academic Work, Consultant",6.0,4.0,4.0,5.0,7.0,8.0,8.0,9.0,6.0,7.0,4.0,9.0,9.0,9.0,9.0,6.0,3.0
8114,541,1,23.0,Indonesia,Entrepreneur,10.0,10.0,7.0,8.0,3.0,5.0,4.0,3.0,8.0,3.0,10.0,5.0,10.0,10.0,9.0,9.0,3.0
8136,542,1,23.0,India and NJ,To go into Finance,4.0,7.0,6.0,10.0,9.0,8.0,1.0,8.0,8.0,9.0,8.0,8.0,9.0,9.0,8.0,9.0,6.0
8158,543,1,24.0,San Diego,Research Engineer,8.0,8.0,5.0,8.0,8.0,5.0,5.0,9.0,8.0,8.0,8.0,6.0,8.0,8.0,8.0,8.0,3.0
8180,544,1,23.0,San Francisco,Physician,3.0,4.0,3.0,10.0,7.0,8.0,5.0,14.0,9.0,2.0,10.0,7.0,8.0,8.0,9.0,10.0,3.0
8202,545,1,24.0,New York City,Doctor,10.0,2.0,2.0,5.0,5.0,4.0,7.0,5.0,4.0,7.0,4.0,3.0,4.0,5.0,5.0,2.0,1.0
8224,546,1,30.0,"Genova, Italy",Consulting,10.0,5.0,8.0,10.0,4.0,3.0,5.0,1.0,1.0,2.0,4.0,3.0,6.0,3.0,9.0,10.0,6.0
8246,547,1,30.0,"Milan, Italy",Private Equity - Leveraged Buy-Outs,9.0,6.0,9.0,7.0,8.0,8.0,2.0,2.0,8.0,9.0,4.0,9.0,8.0,9.0,9.0,6.0,5.0
8268,548,1,30.0,Germany,Management,10.0,8.0,4.0,10.0,3.0,2.0,2.0,5.0,1.0,9.0,6.0,4.0,6.0,7.0,10.0,4.0,1.0
8290,549,1,28.0,Italy,General management/consulting,8.0,5.0,6.0,9.0,7.0,7.0,4.0,8.0,8.0,7.0,7.0,8.0,8.0,10.0,10.0,8.0,2.0
8312,550,1,30.0,UK,Finance,5.0,3.0,5.0,9.0,7.0,8.0,3.0,3.0,8.0,8.0,3.0,7.0,7.0,4.0,6.0,6.0,3.0
8334,551,1,27.0,London & New York,Banking,6.0,1.0,7.0,6.0,7.0,3.0,2.0,1.0,7.0,10.0,2.0,5.0,6.0,7.0,7.0,7.0,1.0
8356,552,1,25.0,France,assistant master of the universe (otherwise it's too much work),8.0,2.0,5.0,10.0,10.0,10.0,7.0,1.0,9.0,8.0,3.0,7.0,9.0,10.0,10.0,7.0,3.0
