﻿Iid,Measure Names,Measure Values
11,Avg. Attr O,5.6
11,Avg. Sinc O,8.8
11,Avg. Intel O,8.2
11,Avg. Fun O,5.4
11,Avg. Amb O,6.4
11,Avg. Shar O,5.222222222
12,Avg. Attr O,7.1
12,Avg. Sinc O,6.6
12,Avg. Intel O,7.1
12,Avg. Fun O,6.7
12,Avg. Amb O,6.9
12,Avg. Shar O,6.111111111
13,Avg. Attr O,4.8
13,Avg. Sinc O,7.9
13,Avg. Intel O,8.8
13,Avg. Fun O,7
13,Avg. Amb O,5.9
13,Avg. Shar O,5.888888889
14,Avg. Attr O,8.2
14,Avg. Sinc O,7.6
14,Avg. Intel O,7.4
14,Avg. Fun O,7.6
14,Avg. Amb O,6.6
14,Avg. Shar O,7.444444444
15,Avg. Attr O,5.7
15,Avg. Sinc O,7.6
15,Avg. Intel O,7.7
15,Avg. Fun O,7.2
15,Avg. Amb O,6.5
15,Avg. Shar O,6.666666667
16,Avg. Attr O,5.6
16,Avg. Sinc O,8.4
16,Avg. Intel O,7.6
16,Avg. Fun O,4.4
16,Avg. Amb O,6
16,Avg. Shar O,4.666666667
17,Avg. Attr O,6.7
17,Avg. Sinc O,7.6
17,Avg. Intel O,8.5
17,Avg. Fun O,6.1
17,Avg. Amb O,6.7
17,Avg. Shar O,6.666666667
18,Avg. Attr O,5.1
18,Avg. Sinc O,7.4
18,Avg. Intel O,7.7
18,Avg. Fun O,5.2
18,Avg. Amb O,7.5
18,Avg. Shar O,5.555555556
19,Avg. Attr O,7.7
19,Avg. Sinc O,6.8
19,Avg. Intel O,7.7
19,Avg. Fun O,8.5
19,Avg. Amb O,7.1
19,Avg. Shar O,7.7
20,Avg. Attr O,7.5
20,Avg. Sinc O,7.3
20,Avg. Intel O,7.9
20,Avg. Fun O,8.2
20,Avg. Amb O,8.4
20,Avg. Shar O,7.3
40,Avg. Attr O,4.105263158
40,Avg. Sinc O,6.631578947
40,Avg. Intel O,6.473684211
40,Avg. Fun O,5.947368421
40,Avg. Amb O,6
40,Avg. Shar O,4.8
41,Avg. Attr O,3.684210526
41,Avg. Sinc O,6.473684211
41,Avg. Intel O,6.666666667
41,Avg. Fun O,4
41,Avg. Amb O,6.631578947
41,Avg. Shar O,3.642857143
42,Avg. Attr O,4.947368421
42,Avg. Sinc O,6.052631579
42,Avg. Intel O,6.888888889
42,Avg. Fun O,5.736842105
42,Avg. Amb O,6.777777778
42,Avg. Shar O,4.8
43,Avg. Attr O,4.263157895
43,Avg. Sinc O,6.368421053
43,Avg. Intel O,6.947368421
43,Avg. Fun O,4.631578947
43,Avg. Amb O,6.333333333
43,Avg. Shar O,3.9375
44,Avg. Attr O,4.894736842
44,Avg. Sinc O,6.631578947
44,Avg. Intel O,6.789473684
44,Avg. Fun O,4.611111111
44,Avg. Amb O,5.894736842
44,Avg. Shar O,4.157894737
45,Avg. Attr O,5.210526316
45,Avg. Sinc O,6.210526316
45,Avg. Intel O,6.894736842
45,Avg. Fun O,3.777777778
45,Avg. Amb O,6.526315789
45,Avg. Shar O,4.055555556
46,Avg. Attr O,7.631578947
46,Avg. Sinc O,6.789473684
46,Avg. Intel O,7.315789474
46,Avg. Fun O,6.777777778
46,Avg. Amb O,6.294117647
46,Avg. Shar O,5.625
47,Avg. Attr O,4.052631579
47,Avg. Sinc O,5.842105263
47,Avg. Intel O,6.473684211
47,Avg. Fun O,5.631578947
47,Avg. Amb O,5.947368421
47,Avg. Shar O,4.611111111
48,Avg. Attr O,6.736842105
48,Avg. Sinc O,6.263157895
48,Avg. Intel O,5.894736842
48,Avg. Fun O,6.789473684
48,Avg. Amb O,5.631578947
48,Avg. Shar O,5.111111111
49,Avg. Attr O,6.315789474
49,Avg. Sinc O,7.055555556
49,Avg. Intel O,7.5
49,Avg. Fun O,6.973684211
49,Avg. Amb O,7.055555556
49,Avg. Shar O,5.941176471
50,Avg. Attr O,6.315789474
50,Avg. Sinc O,6.578947368
50,Avg. Intel O,7.388888889
50,Avg. Fun O,7.631578947
50,Avg. Amb O,7.666666667
50,Avg. Shar O,5.875
51,Avg. Attr O,5.368421053
51,Avg. Sinc O,4.868421053
51,Avg. Intel O,6.473684211
51,Avg. Fun O,4.210526316
51,Avg. Amb O,6.078947368
51,Avg. Shar O,4.352941176
52,Avg. Attr O,3.833333333
52,Avg. Sinc O,6.647058824
52,Avg. Intel O,7.176470588
52,Avg. Fun O,5.111111111
52,Avg. Amb O,6.444444444
52,Avg. Shar O,4.823529412
53,Avg. Attr O,6.888888889
53,Avg. Sinc O,7
53,Avg. Intel O,7.705882353
53,Avg. Fun O,5.611111111
53,Avg. Amb O,7.277777778
53,Avg. Shar O,5.5
54,Avg. Attr O,4.421052632
54,Avg. Sinc O,6.315789474
54,Avg. Intel O,6.75
54,Avg. Fun O,4.842105263
54,Avg. Amb O,6.473684211
54,Avg. Shar O,5
55,Avg. Attr O,6.210526316
55,Avg. Sinc O,7.052631579
55,Avg. Intel O,7
55,Avg. Fun O,7.111111111
55,Avg. Amb O,6.777777778
55,Avg. Shar O,5.277777778
66,Avg. Attr O,5.444444444
66,Avg. Sinc O,7.555555556
66,Avg. Intel O,7.222222222
66,Avg. Fun O,6.222222222
66,Avg. Amb O,6.625
66,Avg. Shar O,4.625
67,Avg. Attr O,6.555555556
67,Avg. Sinc O,8
67,Avg. Intel O,8
67,Avg. Fun O,6.333333333
67,Avg. Amb O,7
67,Avg. Shar O,4.666666667
68,Avg. Attr O,5.5
68,Avg. Sinc O,5.8
68,Avg. Intel O,7.8
68,Avg. Fun O,4.9
68,Avg. Amb O,6
68,Avg. Shar O,4.7
69,Avg. Attr O,7.3
69,Avg. Sinc O,7.6
69,Avg. Intel O,7.9
69,Avg. Fun O,7.1
69,Avg. Amb O,7.111111111
69,Avg. Shar O,5.9
70,Avg. Attr O,6
70,Avg. Sinc O,7.444444444
70,Avg. Intel O,8.555555556
70,Avg. Fun O,8
70,Avg. Amb O,8.444444444
70,Avg. Shar O,6.222222222
71,Avg. Attr O,5
71,Avg. Sinc O,8.222222222
71,Avg. Intel O,7.777777778
71,Avg. Fun O,5.222222222
71,Avg. Amb O,7.333333333
71,Avg. Shar O,5.222222222
72,Avg. Attr O,6.4
72,Avg. Sinc O,7.4
72,Avg. Intel O,6.5
72,Avg. Fun O,5
72,Avg. Amb O,5.6
72,Avg. Shar O,4.8
73,Avg. Attr O,6.111111111
73,Avg. Sinc O,7.666666667
73,Avg. Intel O,7.888888889
73,Avg. Fun O,7.555555556
73,Avg. Amb O,8.25
73,Avg. Shar O,5.444444444
74,Avg. Attr O,5.3
74,Avg. Sinc O,7.3
74,Avg. Intel O,7.6
74,Avg. Fun O,6
74,Avg. Amb O,7.2
74,Avg. Shar O,4.9
75,Avg. Attr O,5.222222222
75,Avg. Sinc O,7.666666667
75,Avg. Intel O,8.111111111
75,Avg. Fun O,5.444444444
75,Avg. Amb O,7.25
75,Avg. Shar O,4.666666667
94,Avg. Attr O,3.666666667
94,Avg. Sinc O,5.352941176
94,Avg. Intel O,6.888888889
94,Avg. Fun O,5.722222222
94,Avg. Amb O,7.529411765
94,Avg. Shar O,4.6
95,Avg. Attr O,4.666666667
95,Avg. Sinc O,6.888888889
95,Avg. Intel O,7
95,Avg. Fun O,5.388888889
95,Avg. Amb O,6.722222222
95,Avg. Shar O,5.0625
96,Avg. Attr O,4.388888889
96,Avg. Sinc O,7.166666667
96,Avg. Intel O,7.388888889
96,Avg. Fun O,5.111111111
96,Avg. Amb O,7
96,Avg. Shar O,4.75
97,Avg. Attr O,7.166666667
97,Avg. Sinc O,7.055555556
97,Avg. Intel O,8.111111111
97,Avg. Fun O,7.058823529
97,Avg. Amb O,7.357142857
97,Avg. Shar O,5.8
98,Avg. Attr O,5.611111111
98,Avg. Sinc O,7.666666667
98,Avg. Intel O,6.944444444
98,Avg. Fun O,4.111111111
98,Avg. Amb O,6.058823529
98,Avg. Shar O,4.352941176
99,Avg. Attr O,7.833333333
99,Avg. Sinc O,7.666666667
99,Avg. Intel O,7.888888889
99,Avg. Fun O,7.5
99,Avg. Amb O,7.647058824
99,Avg. Shar O,7.3125
100,Avg. Attr O,4.555555556
100,Avg. Sinc O,7.944444444
100,Avg. Intel O,8
100,Avg. Fun O,5.823529412
100,Avg. Amb O,7.6
100,Avg. Shar O,5.642857143
101,Avg. Attr O,4
101,Avg. Sinc O,7.611111111
101,Avg. Intel O,7.666666667
101,Avg. Fun O,4.588235294
101,Avg. Amb O,7
101,Avg. Shar O,4.294117647
102,Avg. Attr O,4.111111111
102,Avg. Sinc O,7.176470588
102,Avg. Intel O,7.277777778
102,Avg. Fun O,4.764705882
102,Avg. Amb O,6.25
102,Avg. Shar O,4.277777778
103,Avg. Attr O,6.222222222
103,Avg. Sinc O,7.176470588
103,Avg. Intel O,6.944444444
103,Avg. Fun O,6.4375
103,Avg. Amb O,7.176470588
103,Avg. Shar O,5.133333333
104,Avg. Attr O,6.941176471
104,Avg. Sinc O,6.888888889
104,Avg. Intel O,7.444444444
104,Avg. Fun O,6.888888889
104,Avg. Amb O,7
104,Avg. Shar O,5.8125
105,Avg. Attr O,6.277777778
105,Avg. Sinc O,7.888888889
105,Avg. Intel O,8.166666667
105,Avg. Fun O,8.055555556
105,Avg. Amb O,7.647058824
105,Avg. Shar O,6.588235294
106,Avg. Attr O,5.111111111
106,Avg. Sinc O,7.666666667
106,Avg. Intel O,7.722222222
106,Avg. Fun O,6.647058824
106,Avg. Amb O,6.941176471
106,Avg. Shar O,5
107,Avg. Attr O,6.888888889
107,Avg. Sinc O,8.055555556
107,Avg. Intel O,8
107,Avg. Fun O,8.111111111
107,Avg. Amb O,7.4375
107,Avg. Shar O,7.176470588
108,Avg. Attr O,7.166666667
108,Avg. Sinc O,7
108,Avg. Intel O,7.5
108,Avg. Fun O,6.777777778
108,Avg. Amb O,6.944444444
108,Avg. Shar O,6.111111111
109,Avg. Attr O,5.833333333
109,Avg. Sinc O,7.555555556
109,Avg. Intel O,7.944444444
109,Avg. Fun O,7.222222222
109,Avg. Amb O,7.277777778
109,Avg. Shar O,6.4375
110,Avg. Attr O,5.5
110,Avg. Sinc O,6.411764706
110,Avg. Intel O,7.055555556
110,Avg. Fun O,6.833333333
110,Avg. Amb O,7.235294118
110,Avg. Shar O,5.9375
111,Avg. Attr O,4.777777778
111,Avg. Sinc O,7.222222222
111,Avg. Intel O,7.5
111,Avg. Fun O,6.5
111,Avg. Amb O,7.117647059
111,Avg. Shar O,5.5
122,Avg. Attr O,7.777777778
122,Avg. Sinc O,8.777777778
122,Avg. Intel O,8.222222222
122,Avg. Fun O,8.444444444
122,Avg. Amb O,7.333333333
122,Avg. Shar O,7.5
123,Avg. Attr O,6.375
123,Avg. Sinc O,8.666666667
123,Avg. Intel O,7.222222222
123,Avg. Fun O,5.777777778
123,Avg. Amb O,6.888888889
123,Avg. Shar O,4.333333333
124,Avg. Attr O,3.777777778
124,Avg. Sinc O,5.666666667
124,Avg. Intel O,6.888888889
124,Avg. Fun O,2.625
124,Avg. Amb O,8.444444444
124,Avg. Shar O,1.375
125,Avg. Attr O,8
125,Avg. Sinc O,8.333333333
125,Avg. Intel O,8.555555556
125,Avg. Fun O,8.444444444
125,Avg. Amb O,8.222222222
125,Avg. Shar O,6.777777778
126,Avg. Attr O,6.111111111
126,Avg. Sinc O,8
126,Avg. Intel O,8.555555556
126,Avg. Fun O,6.777777778
126,Avg. Amb O,7.888888889
126,Avg. Shar O,6.375
127,Avg. Attr O,7.333333333
127,Avg. Sinc O,5.888888889
127,Avg. Intel O,6.111111111
127,Avg. Fun O,6.111111111
127,Avg. Amb O,6.111111111
127,Avg. Shar O,5.111111111
128,Avg. Attr O,7.555555556
128,Avg. Sinc O,8.444444444
128,Avg. Intel O,8.125
128,Avg. Fun O,6.875
128,Avg. Amb O,6.625
128,Avg. Shar O,5
129,Avg. Attr O,6.222222222
129,Avg. Sinc O,7.888888889
129,Avg. Intel O,6.222222222
129,Avg. Fun O,6.625
129,Avg. Amb O,6.444444444
129,Avg. Shar O,5.333333333
130,Avg. Attr O,7.333333333
130,Avg. Sinc O,8.777777778
130,Avg. Intel O,7.666666667
130,Avg. Fun O,6.555555556
130,Avg. Amb O,6.777777778
130,Avg. Shar O,4.875
131,Avg. Attr O,4.428571429
131,Avg. Sinc O,7.857142857
131,Avg. Intel O,6.714285714
131,Avg. Fun O,4
131,Avg. Amb O,6.333333333
131,Avg. Shar O,1.428571429
137,Avg. Attr O,7.6
137,Avg. Sinc O,7.6
137,Avg. Intel O,7.25
137,Avg. Fun O,8.5
137,Avg. Amb O,7.5
137,Avg. Shar O,7.6
138,Avg. Attr O,8
138,Avg. Sinc O,8
138,Avg. Intel O,8.6
138,Avg. Fun O,8.25
138,Avg. Amb O,8.25
138,Avg. Shar O,6.8
139,Avg. Attr O,5.6
139,Avg. Sinc O,7
139,Avg. Intel O,7.5
139,Avg. Fun O,5.8
139,Avg. Amb O,7
139,Avg. Shar O,4.8
140,Avg. Attr O,8
140,Avg. Sinc O,8.2
140,Avg. Intel O,8.2
140,Avg. Fun O,8.4
140,Avg. Amb O,8.75
140,Avg. Shar O,7.5
141,Avg. Attr O,5.8
141,Avg. Sinc O,6.75
141,Avg. Intel O,6.75
141,Avg. Fun O,7.2
141,Avg. Amb O,6.8
141,Avg. Shar O,6.25
158,Avg. Attr O,4.5625
158,Avg. Sinc O,6.25
158,Avg. Intel O,7.5
158,Avg. Fun O,4.2
158,Avg. Amb O,6.785714286
158,Avg. Shar O,3.818181818
159,Avg. Attr O,4.125
159,Avg. Sinc O,7.1875
159,Avg. Intel O,8
159,Avg. Fun O,5.875
159,Avg. Amb O,7.166666667
159,Avg. Shar O,4.461538462
160,Avg. Attr O,7.375
160,Avg. Sinc O,7.375
160,Avg. Intel O,7.4375
160,Avg. Fun O,8
160,Avg. Amb O,7.875
160,Avg. Shar O,6.142857143
161,Avg. Attr O,7.75
161,Avg. Sinc O,7.4375
161,Avg. Intel O,8
161,Avg. Fun O,7.8
161,Avg. Amb O,7.285714286
161,Avg. Shar O,6.333333333
162,Avg. Attr O,5.75
162,Avg. Sinc O,6.75
162,Avg. Intel O,7.875
162,Avg. Fun O,5.866666667
162,Avg. Amb O,7.2
162,Avg. Shar O,5.846153846
163,Avg. Attr O,6.875
163,Avg. Sinc O,7.6875
163,Avg. Intel O,7.6875
163,Avg. Fun O,7.25
163,Avg. Amb O,7
163,Avg. Shar O,6.785714286
164,Avg. Attr O,6.6875
164,Avg. Sinc O,7.8125
164,Avg. Intel O,8.125
164,Avg. Fun O,7
164,Avg. Amb O,6.857142857
164,Avg. Shar O,6.333333333
165,Avg. Attr O,7.375
165,Avg. Sinc O,7.0625
165,Avg. Intel O,6.8125
165,Avg. Fun O,5.6
165,Avg. Amb O,5.785714286
165,Avg. Shar O,5.307692308
166,Avg. Attr O,6.875
166,Avg. Sinc O,6.5625
166,Avg. Intel O,7.0625
166,Avg. Fun O,6.3125
166,Avg. Amb O,7.384615385
166,Avg. Shar O,5.75
167,Avg. Attr O,5.9375
167,Avg. Sinc O,6.8125
167,Avg. Intel O,7.4375
167,Avg. Fun O,6.75
167,Avg. Amb O,6.5
167,Avg. Shar O,5.714285714
168,Avg. Attr O,4.875
168,Avg. Sinc O,7.375
168,Avg. Intel O,7.6875
168,Avg. Fun O,6.4
168,Avg. Amb O,6.571428571
168,Avg. Shar O,5.363636364
169,Avg. Attr O,8.0625
169,Avg. Sinc O,8.0625
169,Avg. Intel O,8.375
169,Avg. Fun O,7.6875
169,Avg. Amb O,7.571428571
169,Avg. Shar O,6.928571429
170,Avg. Attr O,4.4375
170,Avg. Sinc O,7.3125
170,Avg. Intel O,8.125
170,Avg. Fun O,5
170,Avg. Amb O,7.642857143
170,Avg. Shar O,5.153846154
171,Avg. Attr O,5.8125
171,Avg. Sinc O,7.75
171,Avg. Intel O,8.1875
171,Avg. Fun O,6
171,Avg. Amb O,7.5
171,Avg. Shar O,5.181818182
172,Avg. Attr O,6.9375
172,Avg. Sinc O,7.9375
172,Avg. Intel O,8.0625
172,Avg. Fun O,7.625
172,Avg. Amb O,8.066666667
172,Avg. Shar O,7.272727273
173,Avg. Attr O,6.125
173,Avg. Sinc O,7.4375
173,Avg. Intel O,8.125
173,Avg. Fun O,7.4375
173,Avg. Amb O,7.285714286
173,Avg. Shar O,6.818181818
184,Avg. Attr O,6.2
184,Avg. Sinc O,7.5
184,Avg. Intel O,7.3
184,Avg. Fun O,6.5
184,Avg. Amb O,7.111111111
184,Avg. Shar O,6.4
185,Avg. Attr O,5
185,Avg. Sinc O,5.8
185,Avg. Intel O,6.2
185,Avg. Fun O,5.4
185,Avg. Amb O,6.333333333
185,Avg. Shar O,4.75
186,Avg. Attr O,5.3
186,Avg. Sinc O,7.3
186,Avg. Intel O,7.6
186,Avg. Fun O,6
186,Avg. Amb O,6.555555556
186,Avg. Shar O,5.888888889
187,Avg. Attr O,4.7
187,Avg. Sinc O,6
187,Avg. Intel O,6.2
187,Avg. Fun O,5.6
187,Avg. Amb O,5.75
187,Avg. Shar O,5.888888889
188,Avg. Attr O,4.4
188,Avg. Sinc O,6.3
188,Avg. Intel O,6.5
188,Avg. Fun O,6.1
188,Avg. Amb O,6.444444444
188,Avg. Shar O,5.333333333
189,Avg. Attr O,5.4
189,Avg. Sinc O,7.2
189,Avg. Intel O,7
189,Avg. Fun O,5.8
189,Avg. Amb O,6.444444444
189,Avg. Shar O,5.777777778
190,Avg. Attr O,6.7
190,Avg. Sinc O,6.5
190,Avg. Intel O,6.9
190,Avg. Fun O,7.9
190,Avg. Amb O,6.7
190,Avg. Shar O,5.777777778
191,Avg. Attr O,6.5
191,Avg. Sinc O,7.2
191,Avg. Intel O,7.2
191,Avg. Fun O,7.2
191,Avg. Amb O,7.5
191,Avg. Shar O,6.444444444
192,Avg. Attr O,6.5
192,Avg. Sinc O,6.5
192,Avg. Intel O,7.2
192,Avg. Fun O,7.5
192,Avg. Amb O,7.111111111
192,Avg. Shar O,7.444444444
193,Avg. Attr O,6.1
193,Avg. Sinc O,7.2
193,Avg. Intel O,7.5
193,Avg. Fun O,7.111111111
193,Avg. Amb O,7.333333333
193,Avg. Shar O,6.444444444
214,Avg. Attr O,5.7
214,Avg. Sinc O,7.45
214,Avg. Intel O,7.7
214,Avg. Fun O,6.631578947
214,Avg. Amb O,7.421052632
214,Avg. Shar O,5.117647059
215,Avg. Attr O,6.9
215,Avg. Sinc O,7.526315789
215,Avg. Intel O,8
215,Avg. Fun O,7.631578947
215,Avg. Amb O,8.3
215,Avg. Shar O,6.722222222
216,Avg. Attr O,3.6
216,Avg. Sinc O,6.55
216,Avg. Intel O,7.05
216,Avg. Fun O,6.15
216,Avg. Amb O,7
216,Avg. Shar O,5
217,Avg. Attr O,7.8
217,Avg. Sinc O,7.789473684
217,Avg. Intel O,9.15
217,Avg. Fun O,6.833333333
217,Avg. Amb O,8.842105263
217,Avg. Shar O,6.625
218,Avg. Attr O,5.4
218,Avg. Sinc O,7.473684211
218,Avg. Intel O,8.055555556
218,Avg. Fun O,5.277777778
218,Avg. Amb O,8.25
218,Avg. Shar O,4.866666667
219,Avg. Attr O,7.4
219,Avg. Sinc O,7.789473684
219,Avg. Intel O,8
219,Avg. Fun O,7.764705882
219,Avg. Amb O,7.764705882
219,Avg. Shar O,7
220,Avg. Attr O,5.25
220,Avg. Sinc O,8.15
220,Avg. Intel O,8.35
220,Avg. Fun O,7.055555556
220,Avg. Amb O,7.789473684
220,Avg. Shar O,6.4375
221,Avg. Attr O,6.05
221,Avg. Sinc O,7.75
221,Avg. Intel O,8.2
221,Avg. Fun O,6.058823529
221,Avg. Amb O,7.25
221,Avg. Shar O,5.733333333
222,Avg. Attr O,3.2
222,Avg. Sinc O,7.444444444
222,Avg. Intel O,8.157894737
222,Avg. Fun O,4.157894737
222,Avg. Amb O,5.833333333
222,Avg. Shar O,4.0625
223,Avg. Attr O,5.35
223,Avg. Sinc O,7.85
223,Avg. Intel O,7.65
223,Avg. Fun O,5.526315789
223,Avg. Amb O,7.222222222
223,Avg. Shar O,5.928571429
224,Avg. Attr O,5.95
224,Avg. Sinc O,8.05
224,Avg. Intel O,8.35
224,Avg. Fun O,6
224,Avg. Amb O,7.647058824
224,Avg. Shar O,6
225,Avg. Attr O,6.1
225,Avg. Sinc O,7.95
225,Avg. Intel O,7.95
225,Avg. Fun O,7.210526316
225,Avg. Amb O,7.65
225,Avg. Shar O,5.5
226,Avg. Attr O,8.6
226,Avg. Sinc O,7.75
226,Avg. Intel O,7.9
226,Avg. Fun O,7.888888889
226,Avg. Amb O,8
226,Avg. Shar O,6.388888889
227,Avg. Attr O,6.95
227,Avg. Sinc O,7.3
227,Avg. Intel O,7.2
227,Avg. Fun O,6.888888889
227,Avg. Amb O,7.473684211
227,Avg. Shar O,5.444444444
228,Avg. Attr O,5.55
228,Avg. Sinc O,8.05
228,Avg. Intel O,8.315789474
228,Avg. Fun O,5.3
228,Avg. Amb O,7.4375
228,Avg. Shar O,4.75
229,Avg. Attr O,7.3
229,Avg. Sinc O,7.210526316
229,Avg. Intel O,8.25
229,Avg. Fun O,7.263157895
229,Avg. Amb O,8.277777778
229,Avg. Shar O,6.125
230,Avg. Attr O,5.7
230,Avg. Sinc O,7
230,Avg. Intel O,6.666666667
230,Avg. Fun O,6.45
230,Avg. Amb O,6.947368421
230,Avg. Shar O,5.647058824
231,Avg. Attr O,5.95
231,Avg. Sinc O,7
231,Avg. Intel O,7.3
231,Avg. Fun O,7.052631579
231,Avg. Amb O,7.588235294
231,Avg. Shar O,5.611111111
232,Avg. Attr O,5
232,Avg. Sinc O,7.789473684
232,Avg. Intel O,7.473684211
232,Avg. Fun O,5.473684211
232,Avg. Amb O,6.882352941
232,Avg. Shar O,5.933333333
233,Avg. Attr O,5.578947368
233,Avg. Sinc O,7.444444444
233,Avg. Intel O,7.578947368
233,Avg. Fun O,6.882352941
233,Avg. Amb O,7.823529412
233,Avg. Shar O,6.1875
243,Avg. Attr O,5.666666667
243,Avg. Sinc O,6.555555556
243,Avg. Intel O,7.444444444
243,Avg. Fun O,5.666666667
243,Avg. Amb O,5.444444444
243,Avg. Shar O,5.222222222
244,Avg. Attr O,6.333333333
244,Avg. Sinc O,7.222222222
244,Avg. Intel O,7
244,Avg. Fun O,6.666666667
244,Avg. Amb O,7.777777778
244,Avg. Shar O,6.111111111
245,Avg. Attr O,4.777777778
245,Avg. Sinc O,6.333333333
245,Avg. Intel O,8.555555556
245,Avg. Fun O,5.777777778
245,Avg. Amb O,7.333333333
245,Avg. Shar O,5.625
246,Avg. Attr O,4.111111111
246,Avg. Sinc O,7.444444444
246,Avg. Intel O,6.444444444
246,Avg. Fun O,5.444444444
246,Avg. Amb O,5.75
246,Avg. Shar O,4.375
247,Avg. Attr O,4
247,Avg. Sinc O,7.666666667
247,Avg. Intel O,7.555555556
247,Avg. Fun O,4.666666667
247,Avg. Amb O,6.333333333
247,Avg. Shar O,4
248,Avg. Attr O,7
248,Avg. Sinc O,6
248,Avg. Intel O,6.666666667
248,Avg. Fun O,7.666666667
248,Avg. Amb O,7.666666667
248,Avg. Shar O,5.444444444
249,Avg. Attr O,4.222222222
249,Avg. Sinc O,6.777777778
249,Avg. Intel O,7.375
249,Avg. Fun O,5.555555556
249,Avg. Amb O,7.888888889
249,Avg. Shar O,4.75
250,Avg. Attr O,6.777777778
250,Avg. Sinc O,6.666666667
250,Avg. Intel O,8
250,Avg. Fun O,6.888888889
250,Avg. Amb O,8.444444444
250,Avg. Shar O,7.666666667
251,Avg. Attr O,4.777777778
251,Avg. Sinc O,7.333333333
251,Avg. Intel O,7.555555556
251,Avg. Fun O,5.555555556
251,Avg. Amb O,5.857142857
251,Avg. Shar O,5.375
273,Avg. Attr O,5.857142857
273,Avg. Sinc O,6.761904762
273,Avg. Intel O,7.476190476
273,Avg. Fun O,5.571428571
273,Avg. Amb O,6.35
273,Avg. Shar O,5
274,Avg. Attr O,5.619047619
274,Avg. Sinc O,6.238095238
274,Avg. Intel O,6.238095238
274,Avg. Fun O,5.857142857
274,Avg. Amb O,6.095238095
274,Avg. Shar O,4.894736842
275,Avg. Attr O,6.285714286
275,Avg. Sinc O,6.476190476
275,Avg. Intel O,7.285714286
275,Avg. Fun O,5.238095238
275,Avg. Amb O,6.7
275,Avg. Shar O,4.947368421
276,Avg. Attr O,5.80952381
276,Avg. Sinc O,6.476190476
276,Avg. Intel O,7.428571429
276,Avg. Fun O,6.238095238
276,Avg. Amb O,6.142857143
276,Avg. Shar O,5.285714286
277,Avg. Attr O,6.523809524
277,Avg. Sinc O,6.380952381
277,Avg. Intel O,7.19047619
277,Avg. Fun O,6.333333333
277,Avg. Amb O,6.45
277,Avg. Shar O,5.6
278,Avg. Attr O,4.476190476
278,Avg. Sinc O,6.19047619
278,Avg. Intel O,7
278,Avg. Fun O,5.142857143
278,Avg. Amb O,6.523809524
278,Avg. Shar O,4
279,Avg. Attr O,7.023809524
279,Avg. Sinc O,6.380952381
279,Avg. Intel O,7.380952381
279,Avg. Fun O,6.428571429
279,Avg. Amb O,6.904761905
279,Avg. Shar O,5.35
280,Avg. Attr O,4.857142857
280,Avg. Sinc O,7.142857143
280,Avg. Intel O,7.952380952
280,Avg. Fun O,5.428571429
280,Avg. Amb O,6.105263158
280,Avg. Shar O,5.25
281,Avg. Attr O,5.523809524
281,Avg. Sinc O,5.904761905
281,Avg. Intel O,7.619047619
281,Avg. Fun O,4.619047619
281,Avg. Amb O,5.95
281,Avg. Shar O,5.238095238
282,Avg. Attr O,6.476190476
282,Avg. Sinc O,7.047619048
282,Avg. Intel O,6.857142857
282,Avg. Fun O,7.142857143
282,Avg. Amb O,6.3
282,Avg. Shar O,5.315789474
283,Avg. Attr O,5.1
283,Avg. Sinc O,7.2
283,Avg. Intel O,7.1
283,Avg. Fun O,5.7
283,Avg. Amb O,6.2
283,Avg. Shar O,4.444444444
284,Avg. Attr O,5.80952381
284,Avg. Sinc O,6.761904762
284,Avg. Intel O,7.047619048
284,Avg. Fun O,5.952380952
284,Avg. Amb O,6.1
284,Avg. Shar O,4.75
285,Avg. Attr O,4.571428571
285,Avg. Sinc O,6.714285714
285,Avg. Intel O,7
285,Avg. Fun O,4.619047619
285,Avg. Amb O,6.142857143
285,Avg. Shar O,4.476190476
286,Avg. Attr O,4.80952381
286,Avg. Sinc O,6.714285714
286,Avg. Intel O,6.904761905
286,Avg. Fun O,5.047619048
286,Avg. Amb O,6.1
286,Avg. Shar O,4.333333333
287,Avg. Attr O,4.35
287,Avg. Sinc O,4.85
287,Avg. Intel O,6.15
287,Avg. Fun O,4.2
287,Avg. Amb O,6.05
287,Avg. Shar O,4.052631579
288,Avg. Attr O,6
288,Avg. Sinc O,6.80952381
288,Avg. Intel O,7.095238095
288,Avg. Fun O,6.142857143
288,Avg. Amb O,6.55
288,Avg. Shar O,5.277777778
289,Avg. Attr O,6.095238095
289,Avg. Sinc O,7.047619048
289,Avg. Intel O,7.19047619
289,Avg. Fun O,7.380952381
289,Avg. Amb O,6.65
289,Avg. Shar O,4.944444444
290,Avg. Attr O,6.571428571
290,Avg. Sinc O,6.333333333
290,Avg. Intel O,7.523809524
290,Avg. Fun O,5.380952381
290,Avg. Amb O,6.380952381
290,Avg. Shar O,4.9
291,Avg. Attr O,5.095238095
291,Avg. Sinc O,7.095238095
291,Avg. Intel O,8.142857143
291,Avg. Fun O,6.095238095
291,Avg. Amb O,7.857142857
291,Avg. Shar O,5.238095238
292,Avg. Attr O,7.333333333
292,Avg. Sinc O,6.952380952
292,Avg. Intel O,7.380952381
292,Avg. Fun O,6.619047619
292,Avg. Amb O,7.047619048
292,Avg. Shar O,4.842105263
293,Avg. Attr O,5.619047619
293,Avg. Sinc O,6.571428571
293,Avg. Intel O,6.761904762
293,Avg. Fun O,5.380952381
293,Avg. Amb O,6.904761905
293,Avg. Shar O,4.333333333
308,Avg. Attr O,5.071428571
308,Avg. Sinc O,8.142857143
308,Avg. Intel O,8.428571429
308,Avg. Fun O,5.846153846
308,Avg. Amb O,7.714285714
308,Avg. Shar O,5.307692308
309,Avg. Attr O,6.642857143
309,Avg. Sinc O,8.285714286
309,Avg. Intel O,8.384615385
309,Avg. Fun O,7.214285714
309,Avg. Amb O,7
309,Avg. Shar O,6.333333333
310,Avg. Attr O,6.071428571
310,Avg. Sinc O,6.923076923
310,Avg. Intel O,7.538461538
310,Avg. Fun O,4.923076923
310,Avg. Amb O,5.785714286
310,Avg. Shar O,3.833333333
311,Avg. Attr O,7.392857143
311,Avg. Sinc O,7.928571429
311,Avg. Intel O,7.916666667
311,Avg. Fun O,7.142857143
311,Avg. Amb O,7.5
311,Avg. Shar O,6.423076923
312,Avg. Attr O,6.785714286
312,Avg. Sinc O,7.857142857
312,Avg. Intel O,7.892857143
312,Avg. Fun O,6.928571429
312,Avg. Amb O,7.357142857
312,Avg. Shar O,7.214285714
313,Avg. Attr O,7
313,Avg. Sinc O,8.214285714
313,Avg. Intel O,8.25
313,Avg. Fun O,7.769230769
313,Avg. Amb O,7.166666667
313,Avg. Shar O,7.285714286
314,Avg. Attr O,5.571428571
314,Avg. Sinc O,7.714285714
314,Avg. Intel O,8.285714286
314,Avg. Fun O,5.857142857
314,Avg. Amb O,7.571428571
314,Avg. Shar O,5.307692308
315,Avg. Attr O,6.392857143
315,Avg. Sinc O,7.428571429
315,Avg. Intel O,8.142857143
315,Avg. Fun O,6.307692308
315,Avg. Amb O,7.230769231
315,Avg. Shar O,5.576923077
316,Avg. Attr O,7.538461538
316,Avg. Sinc O,7.571428571
316,Avg. Intel O,8
316,Avg. Fun O,8.142857143
316,Avg. Amb O,8.428571429
316,Avg. Shar O,7
317,Avg. Attr O,7.928571429
317,Avg. Sinc O,7.714285714
317,Avg. Intel O,7.916666667
317,Avg. Fun O,8.615384615
317,Avg. Amb O,7.615384615
317,Avg. Shar O,6.583333333
318,Avg. Attr O,5.071428571
318,Avg. Sinc O,7.571428571
318,Avg. Intel O,7.571428571
318,Avg. Fun O,6
318,Avg. Amb O,7.538461538
318,Avg. Shar O,5.769230769
319,Avg. Attr O,4.428571429
319,Avg. Sinc O,7.714285714
319,Avg. Intel O,7.538461538
319,Avg. Fun O,6.357142857
319,Avg. Amb O,6.833333333
319,Avg. Shar O,6.166666667
320,Avg. Attr O,5.5
320,Avg. Sinc O,7.071428571
320,Avg. Intel O,7.642857143
320,Avg. Fun O,5.642857143
320,Avg. Amb O,7.076923077
320,Avg. Shar O,5.666666667
321,Avg. Attr O,6.071428571
321,Avg. Sinc O,6.571428571
321,Avg. Intel O,7.5
321,Avg. Fun O,5.846153846
321,Avg. Amb O,6.916666667
321,Avg. Shar O,4.666666667
332,Avg. Attr O,5.1
332,Avg. Sinc O,8.444444444
332,Avg. Intel O,8.3
332,Avg. Fun O,7.1
332,Avg. Amb O,6.5
332,Avg. Shar O,4.888888889
333,Avg. Attr O,7.8
333,Avg. Sinc O,7.666666667
333,Avg. Intel O,7.9
333,Avg. Fun O,8.1
333,Avg. Amb O,6.428571429
333,Avg. Shar O,6.444444444
334,Avg. Attr O,7.3
334,Avg. Sinc O,7.222222222
334,Avg. Intel O,7.9
334,Avg. Fun O,8
334,Avg. Amb O,6.777777778
334,Avg. Shar O,6.111111111
335,Avg. Attr O,6.222222222
335,Avg. Sinc O,7.75
335,Avg. Intel O,8.666666667
335,Avg. Fun O,6.333333333
335,Avg. Amb O,8.125
335,Avg. Shar O,5.625
336,Avg. Attr O,6.1
336,Avg. Sinc O,7.777777778
336,Avg. Intel O,8
336,Avg. Fun O,7.4
336,Avg. Amb O,6.5
336,Avg. Shar O,5.222222222
337,Avg. Attr O,5.9
337,Avg. Sinc O,8.333333333
337,Avg. Intel O,8.2
337,Avg. Fun O,7.2
337,Avg. Amb O,6.666666667
337,Avg. Shar O,5.5
338,Avg. Attr O,4.8
338,Avg. Sinc O,7.555555556
338,Avg. Intel O,8
338,Avg. Fun O,5.8
338,Avg. Amb O,7.375
338,Avg. Shar O,3.777777778
339,Avg. Attr O,7
339,Avg. Sinc O,7.333333333
339,Avg. Intel O,7.7
339,Avg. Fun O,7.8
339,Avg. Amb O,7.3
339,Avg. Shar O,6.444444444
340,Avg. Attr O,7.777777778
340,Avg. Sinc O,6.375
340,Avg. Intel O,7.777777778
340,Avg. Fun O,6.888888889
340,Avg. Amb O,7.142857143
340,Avg. Shar O,5.777777778
361,Avg. Attr O,4.166666667
361,Avg. Sinc O,6.611111111
361,Avg. Intel O,6.888888889
361,Avg. Fun O,4.777777778
361,Avg. Amb O,6.75
361,Avg. Shar O,4.466666667
362,Avg. Attr O,5.526315789
362,Avg. Sinc O,6.947368421
362,Avg. Intel O,7.684210526
362,Avg. Fun O,6.833333333
362,Avg. Amb O,6.736842105
362,Avg. Shar O,5.941176471
363,Avg. Attr O,5.105263158
363,Avg. Sinc O,7.631578947
363,Avg. Intel O,7.210526316
363,Avg. Fun O,5.842105263
363,Avg. Amb O,6.631578947
363,Avg. Shar O,4.3125
364,Avg. Attr O,6.4
364,Avg. Sinc O,7.85
364,Avg. Intel O,7.736842105
364,Avg. Fun O,7.4
364,Avg. Amb O,6.894736842
364,Avg. Shar O,6.1
365,Avg. Attr O,7
365,Avg. Sinc O,7.411764706
365,Avg. Intel O,7.647058824
365,Avg. Fun O,7.352941176
365,Avg. Amb O,7.5
365,Avg. Shar O,6.846153846
366,Avg. Attr O,7.526315789
366,Avg. Sinc O,8.263157895
366,Avg. Intel O,8.421052632
366,Avg. Fun O,7.421052632
366,Avg. Amb O,7.5625
366,Avg. Shar O,7.333333333
367,Avg. Attr O,6.555555556
367,Avg. Sinc O,8.055555556
367,Avg. Intel O,7.611111111
367,Avg. Fun O,7
367,Avg. Amb O,7.058823529
367,Avg. Shar O,7.625
368,Avg. Attr O,6.352941176
368,Avg. Sinc O,7.882352941
368,Avg. Intel O,7.470588235
368,Avg. Fun O,7.529411765
368,Avg. Amb O,7
368,Avg. Shar O,7.066666667
369,Avg. Attr O,6.4
369,Avg. Sinc O,7
369,Avg. Intel O,7
369,Avg. Fun O,8
369,Avg. Amb O,7
369,Avg. Shar O,5.666666667
370,Avg. Attr O,7.941176471
370,Avg. Sinc O,7.823529412
370,Avg. Intel O,8.1875
370,Avg. Fun O,7.647058824
370,Avg. Amb O,7.588235294
370,Avg. Shar O,6.933333333
371,Avg. Attr O,7.3
371,Avg. Sinc O,7.3
371,Avg. Intel O,7.263157895
371,Avg. Fun O,6.944444444
371,Avg. Amb O,7
371,Avg. Shar O,5.777777778
372,Avg. Attr O,6.647058824
372,Avg. Sinc O,6.941176471
372,Avg. Intel O,7.411764706
372,Avg. Fun O,6.882352941
372,Avg. Amb O,6.3125
372,Avg. Shar O,6.076923077
373,Avg. Attr O,8.529411765
373,Avg. Sinc O,8.117647059
373,Avg. Intel O,8.0625
373,Avg. Fun O,7.5625
373,Avg. Amb O,8.125
373,Avg. Shar O,7.076923077
374,Avg. Attr O,5.647058824
374,Avg. Sinc O,7.470588235
374,Avg. Intel O,7.411764706
374,Avg. Fun O,5.647058824
374,Avg. Amb O,7.133333333
374,Avg. Shar O,5.153846154
375,Avg. Attr O,8.315789474
375,Avg. Sinc O,7
375,Avg. Intel O,6.894736842
375,Avg. Fun O,6.736842105
375,Avg. Amb O,6.647058824
375,Avg. Shar O,5.5
376,Avg. Attr O,6.421052632
376,Avg. Sinc O,7.368421053
376,Avg. Intel O,8.526315789
376,Avg. Fun O,6.611111111
376,Avg. Amb O,8.157894737
376,Avg. Shar O,6
377,Avg. Attr O,5.555555556
377,Avg. Sinc O,6.611111111
377,Avg. Intel O,6.941176471
377,Avg. Fun O,5
377,Avg. Amb O,6
377,Avg. Shar O,4.857142857
378,Avg. Attr O,6.555555556
378,Avg. Sinc O,7
378,Avg. Intel O,7.055555556
378,Avg. Fun O,6.411764706
378,Avg. Amb O,6.3125
378,Avg. Shar O,5.733333333
397,Avg. Attr O,5.722222222
397,Avg. Sinc O,7.722222222
397,Avg. Intel O,7.444444444
397,Avg. Fun O,5.5
397,Avg. Amb O,7.3125
397,Avg. Shar O,5.615384615
398,Avg. Attr O,7.111111111
398,Avg. Sinc O,7.333333333
398,Avg. Intel O,7.470588235
398,Avg. Fun O,8.352941176
398,Avg. Amb O,7.076923077
398,Avg. Shar O,6.6
399,Avg. Attr O,6.9
399,Avg. Sinc O,6.8
399,Avg. Intel O,7.4
399,Avg. Fun O,6.5
399,Avg. Amb O,7.625
399,Avg. Shar O,6
400,Avg. Attr O,7.111111111
400,Avg. Sinc O,7.666666667
400,Avg. Intel O,8.055555556
400,Avg. Fun O,7.176470588
400,Avg. Amb O,8.352941176
400,Avg. Shar O,6.916666667
401,Avg. Attr O,6.333333333
401,Avg. Sinc O,8.277777778
401,Avg. Intel O,8.222222222
401,Avg. Fun O,6.058823529
401,Avg. Amb O,8
401,Avg. Shar O,5.714285714
402,Avg. Attr O,5.111111111
402,Avg. Sinc O,8.333333333
402,Avg. Intel O,8.166666667
402,Avg. Fun O,6.555555556
402,Avg. Amb O,8.4375
402,Avg. Shar O,5
403,Avg. Attr O,4.888888889
403,Avg. Sinc O,8.166666667
403,Avg. Intel O,8.058823529
403,Avg. Fun O,6.058823529
403,Avg. Amb O,7
403,Avg. Shar O,4.692307692
404,Avg. Attr O,8.305555556
404,Avg. Sinc O,8.333333333
404,Avg. Intel O,7.764705882
404,Avg. Fun O,6.888888889
404,Avg. Amb O,7.357142857
404,Avg. Shar O,5.846153846
405,Avg. Attr O,5.388888889
405,Avg. Sinc O,8.333333333
405,Avg. Intel O,8.388888889
405,Avg. Fun O,6.722222222
405,Avg. Amb O,8.294117647
405,Avg. Shar O,6.214285714
406,Avg. Attr O,5.777777778
406,Avg. Sinc O,7.388888889
406,Avg. Intel O,8.058823529
406,Avg. Fun O,7.941176471
406,Avg. Amb O,8
406,Avg. Shar O,6.28125
407,Avg. Attr O,7.111111111
407,Avg. Sinc O,8.777777778
407,Avg. Intel O,8.111111111
407,Avg. Fun O,6.888888889
407,Avg. Amb O,7.4375
407,Avg. Shar O,7.533333333
408,Avg. Attr O,6.722222222
408,Avg. Sinc O,7.055555556
408,Avg. Intel O,6.888888889
408,Avg. Fun O,7
408,Avg. Amb O,7.222222222
408,Avg. Shar O,6.428571429
409,Avg. Attr O,6.833333333
409,Avg. Sinc O,8.411764706
409,Avg. Intel O,7.9375
409,Avg. Fun O,7.352941176
409,Avg. Amb O,7.384615385
409,Avg. Shar O,6.933333333
410,Avg. Attr O,7.222222222
410,Avg. Sinc O,8.055555556
410,Avg. Intel O,8.111111111
410,Avg. Fun O,7.647058824
410,Avg. Amb O,7.428571429
410,Avg. Shar O,6.928571429
411,Avg. Attr O,7.027777778
411,Avg. Sinc O,7.777777778
411,Avg. Intel O,8
411,Avg. Fun O,7.833333333
411,Avg. Amb O,8.266666667
411,Avg. Shar O,6.785714286
412,Avg. Attr O,5.722222222
412,Avg. Sinc O,7.444444444
412,Avg. Intel O,7.611111111
412,Avg. Fun O,6.705882353
412,Avg. Amb O,7.5
412,Avg. Shar O,5.583333333
413,Avg. Attr O,6.888888889
413,Avg. Sinc O,8.055555556
413,Avg. Intel O,7.944444444
413,Avg. Fun O,7
413,Avg. Amb O,7.6
413,Avg. Shar O,6.307692308
414,Avg. Attr O,6.470588235
414,Avg. Sinc O,7.470588235
414,Avg. Intel O,7.8125
414,Avg. Fun O,6.058823529
414,Avg. Amb O,7.823529412
414,Avg. Shar O,4.928571429
415,Avg. Attr O,3.9375
415,Avg. Sinc O,4.5625
415,Avg. Intel O,4.875
415,Avg. Fun O,3.875
415,Avg. Amb O,5.1875
415,Avg. Shar O,2.25
422,Avg. Attr O,6.5
422,Avg. Sinc O,8
422,Avg. Intel O,7.5
422,Avg. Fun O,7.333333333
422,Avg. Amb O,7.833333333
422,Avg. Shar O,5.833333333
423,Avg. Attr O,6.166666667
423,Avg. Sinc O,7.333333333
423,Avg. Intel O,7.333333333
423,Avg. Fun O,5.833333333
423,Avg. Amb O,7.166666667
423,Avg. Shar O,4.2
424,Avg. Attr O,5.166666667
424,Avg. Sinc O,8
424,Avg. Intel O,7.833333333
424,Avg. Fun O,6
424,Avg. Amb O,6.833333333
424,Avg. Shar O,5.4
425,Avg. Attr O,3.416666667
425,Avg. Sinc O,6.333333333
425,Avg. Intel O,7.416666667
425,Avg. Fun O,4.166666667
425,Avg. Amb O,7.833333333
425,Avg. Shar O,4.2
426,Avg. Attr O,3.5
426,Avg. Sinc O,4.166666667
426,Avg. Intel O,6.666666667
426,Avg. Fun O,4.833333333
426,Avg. Amb O,7.833333333
426,Avg. Shar O,3.5
427,Avg. Attr O,5.666666667
427,Avg. Sinc O,7.333333333
427,Avg. Intel O,7
427,Avg. Fun O,4.833333333
427,Avg. Amb O,6.333333333
427,Avg. Shar O,4.666666667
428,Avg. Attr O,6
428,Avg. Sinc O,7.5
428,Avg. Intel O,8.333333333
428,Avg. Fun O,6.833333333
428,Avg. Amb O,8.666666667
428,Avg. Shar O,6.666666667
429,Avg. Attr O,6.833333333
429,Avg. Sinc O,6.666666667
429,Avg. Intel O,6.833333333
429,Avg. Fun O,5.833333333
429,Avg. Amb O,7.833333333
429,Avg. Shar O,4
440,Avg. Attr O,8.4
440,Avg. Sinc O,8
440,Avg. Intel O,8.8
440,Avg. Fun O,8.1
440,Avg. Amb O,8.2
440,Avg. Shar O,7.111111111
441,Avg. Attr O,6.6
441,Avg. Sinc O,7
441,Avg. Intel O,7.4
441,Avg. Fun O,7.4
441,Avg. Amb O,7.4
441,Avg. Shar O,6.555555556
442,Avg. Attr O,6.1
442,Avg. Sinc O,7.9
442,Avg. Intel O,8.1
442,Avg. Fun O,6.1
442,Avg. Amb O,7.7
442,Avg. Shar O,4.5
443,Avg. Attr O,6.3
443,Avg. Sinc O,7.8
443,Avg. Intel O,8.3
443,Avg. Fun O,7.666666667
443,Avg. Amb O,8.2
443,Avg. Shar O,5.75
444,Avg. Attr O,8.4
444,Avg. Sinc O,7
444,Avg. Intel O,7.9
444,Avg. Fun O,7.5
444,Avg. Amb O,8.3
444,Avg. Shar O,5.2
445,Avg. Attr O,6.5
445,Avg. Sinc O,7
445,Avg. Intel O,7.6
445,Avg. Fun O,6.9
445,Avg. Amb O,7.5
445,Avg. Shar O,5.75
446,Avg. Attr O,6.1
446,Avg. Sinc O,7.3
446,Avg. Intel O,7.8
446,Avg. Fun O,5.8
446,Avg. Amb O,7
446,Avg. Shar O,5.444444444
447,Avg. Attr O,7.1
447,Avg. Sinc O,8.1
447,Avg. Intel O,8.4
447,Avg. Fun O,6.9
447,Avg. Amb O,8.4
447,Avg. Shar O,4.8
448,Avg. Attr O,7.9
448,Avg. Sinc O,6.3
448,Avg. Intel O,7.9
448,Avg. Fun O,7.9
448,Avg. Amb O,8.6
448,Avg. Shar O,5.5
449,Avg. Attr O,7.7
449,Avg. Sinc O,7.4
449,Avg. Intel O,8.3
449,Avg. Fun O,7.7
449,Avg. Amb O,8.3
449,Avg. Shar O,6.111111111
450,Avg. Attr O,5.6
450,Avg. Sinc O,7.3
450,Avg. Intel O,8.2
450,Avg. Fun O,7
450,Avg. Amb O,7.9
450,Avg. Shar O,5.5
451,Avg. Attr O,2.8
451,Avg. Sinc O,7.3
451,Avg. Intel O,8.3
451,Avg. Fun O,4.8
451,Avg. Amb O,8.1
451,Avg. Shar O,4.666666667
452,Avg. Attr O,4.2
452,Avg. Sinc O,7.2
452,Avg. Intel O,8.2
452,Avg. Fun O,7
452,Avg. Amb O,8
452,Avg. Shar O,4
453,Avg. Attr O,3.7
453,Avg. Sinc O,8.555555556
453,Avg. Intel O,8.666666667
453,Avg. Fun O,4.888888889
453,Avg. Amb O,8
453,Avg. Shar O,3.777777778
460,Avg. Attr O,7
460,Avg. Sinc O,8.5
460,Avg. Intel O,8
460,Avg. Fun O,6.833333333
460,Avg. Amb O,6.666666667
460,Avg. Shar O,6.166666667
461,Avg. Attr O,4.5
461,Avg. Sinc O,6.833333333
461,Avg. Intel O,7
461,Avg. Fun O,5.666666667
461,Avg. Amb O,7
461,Avg. Shar O,4
462,Avg. Attr O,4.166666667
462,Avg. Sinc O,8.333333333
462,Avg. Intel O,6.833333333
462,Avg. Fun O,4.666666667
462,Avg. Amb O,6.833333333
462,Avg. Shar O,3.666666667
463,Avg. Attr O,5.833333333
463,Avg. Sinc O,8.333333333
463,Avg. Intel O,8.333333333
463,Avg. Fun O,6.5
463,Avg. Amb O,7.333333333
463,Avg. Shar O,4.333333333
464,Avg. Attr O,7
464,Avg. Sinc O,7.166666667
464,Avg. Intel O,8.166666667
464,Avg. Fun O,7.833333333
464,Avg. Amb O,7.666666667
464,Avg. Shar O,5.333333333
465,Avg. Attr O,5.166666667
465,Avg. Sinc O,6.166666667
465,Avg. Intel O,5.5
465,Avg. Fun O,6
465,Avg. Amb O,3.8
465,Avg. Shar O,3.5
481,Avg. Attr O,6.4
481,Avg. Sinc O,6.733333333
481,Avg. Intel O,6.5
481,Avg. Fun O,5.133333333
481,Avg. Amb O,5.333333333
481,Avg. Shar O,5
482,Avg. Attr O,5.4
482,Avg. Sinc O,6.8
482,Avg. Intel O,7.266666667
482,Avg. Fun O,6.733333333
482,Avg. Amb O,7.916666667
482,Avg. Shar O,6.2
483,Avg. Attr O,5.866666667
483,Avg. Sinc O,5.866666667
483,Avg. Intel O,6.466666667
483,Avg. Fun O,7
483,Avg. Amb O,6.066666667
483,Avg. Shar O,5.571428571
484,Avg. Attr O,4.285714286
484,Avg. Sinc O,7.357142857
484,Avg. Intel O,8.071428571
484,Avg. Fun O,4.285714286
484,Avg. Amb O,6.642857143
484,Avg. Shar O,3.357142857
485,Avg. Attr O,4.266666667
485,Avg. Sinc O,6
485,Avg. Intel O,6
485,Avg. Fun O,4.533333333
485,Avg. Amb O,4.714285714
485,Avg. Shar O,4.6
486,Avg. Attr O,5.533333333
486,Avg. Sinc O,7.4
486,Avg. Intel O,8
486,Avg. Fun O,5.733333333
486,Avg. Amb O,7.333333333
486,Avg. Shar O,5.357142857
487,Avg. Attr O,3.666666667
487,Avg. Sinc O,6.857142857
487,Avg. Intel O,7.533333333
487,Avg. Fun O,3.666666667
487,Avg. Amb O,5.071428571
487,Avg. Shar O,3.4
488,Avg. Attr O,4.933333333
488,Avg. Sinc O,6
488,Avg. Intel O,6.666666667
488,Avg. Fun O,5.933333333
488,Avg. Amb O,6.733333333
488,Avg. Shar O,4.357142857
489,Avg. Attr O,7.466666667
489,Avg. Sinc O,6.866666667
489,Avg. Intel O,7
489,Avg. Fun O,7.133333333
489,Avg. Amb O,6.928571429
489,Avg. Shar O,6.285714286
490,Avg. Attr O,3.692307692
490,Avg. Sinc O,6.357142857
490,Avg. Intel O,7
490,Avg. Fun O,5.928571429
490,Avg. Amb O,6.307692308
490,Avg. Shar O,4.642857143
491,Avg. Attr O,7.666666667
491,Avg. Sinc O,6.733333333
491,Avg. Intel O,7.8
491,Avg. Fun O,7.6
491,Avg. Amb O,7.6
491,Avg. Shar O,6.071428571
492,Avg. Attr O,7.333333333
492,Avg. Sinc O,7.266666667
492,Avg. Intel O,7.866666667
492,Avg. Fun O,7.4
492,Avg. Amb O,7
492,Avg. Shar O,6.5
493,Avg. Attr O,7.285714286
493,Avg. Sinc O,7.571428571
493,Avg. Intel O,7.071428571
493,Avg. Fun O,7.285714286
493,Avg. Amb O,7.153846154
493,Avg. Shar O,6
494,Avg. Attr O,5.733333333
494,Avg. Sinc O,7.133333333
494,Avg. Intel O,7.533333333
494,Avg. Fun O,6.733333333
494,Avg. Amb O,6.428571429
494,Avg. Shar O,5.785714286
495,Avg. Attr O,4.8
495,Avg. Sinc O,5.533333333
495,Avg. Intel O,6.4
495,Avg. Fun O,7.071428571
495,Avg. Amb O,5.2
495,Avg. Shar O,4.769230769
502,Avg. Attr O,3.833333333
502,Avg. Sinc O,8
502,Avg. Intel O,6.666666667
502,Avg. Fun O,7.666666667
502,Avg. Amb O,7.333333333
502,Avg. Shar O,4
503,Avg. Attr O,2.333333333
503,Avg. Sinc O,5.666666667
503,Avg. Intel O,7.833333333
503,Avg. Fun O,5.166666667
503,Avg. Amb O,7.333333333
503,Avg. Shar O,4
504,Avg. Attr O,6.5
504,Avg. Sinc O,7
504,Avg. Intel O,7.5
504,Avg. Fun O,6.333333333
504,Avg. Amb O,6.833333333
504,Avg. Shar O,4.833333333
505,Avg. Attr O,6.5
505,Avg. Sinc O,7.2
505,Avg. Intel O,7.333333333
505,Avg. Fun O,5.5
505,Avg. Amb O,7.2
505,Avg. Shar O,4.333333333
506,Avg. Attr O,4.666666667
506,Avg. Sinc O,7
506,Avg. Intel O,7.833333333
506,Avg. Fun O,3.666666667
506,Avg. Amb O,7.833333333
506,Avg. Shar O,3.5
507,Avg. Attr O,6
507,Avg. Sinc O,8
507,Avg. Intel O,7.833333333
507,Avg. Fun O,7.666666667
507,Avg. Amb O,6.833333333
507,Avg. Shar O,6
508,Avg. Attr O,5.833333333
508,Avg. Sinc O,5.666666667
508,Avg. Intel O,6.833333333
508,Avg. Fun O,5.333333333
508,Avg. Amb O,6.5
508,Avg. Shar O,4.5
531,Avg. Attr O,4.454545455
531,Avg. Sinc O,7.045454545
531,Avg. Intel O,7.863636364
531,Avg. Fun O,5.272727273
531,Avg. Amb O,6.772727273
531,Avg. Shar O,4.619047619
532,Avg. Attr O,3.761904762
532,Avg. Sinc O,7.571428571
532,Avg. Intel O,7.380952381
532,Avg. Fun O,3.619047619
532,Avg. Amb O,6.333333333
532,Avg. Shar O,3.55
533,Avg. Attr O,5.714285714
533,Avg. Sinc O,5.952380952
533,Avg. Intel O,6.285714286
533,Avg. Fun O,5.19047619
533,Avg. Amb O,5.761904762
533,Avg. Shar O,4.35
534,Avg. Attr O,5.454545455
534,Avg. Sinc O,6.272727273
534,Avg. Intel O,6.681818182
534,Avg. Fun O,5.636363636
534,Avg. Amb O,6.318181818
534,Avg. Shar O,4.833333333
535,Avg. Attr O,6
535,Avg. Sinc O,6.181818182
535,Avg. Intel O,7.772727273
535,Avg. Fun O,6.454545455
535,Avg. Amb O,6.85
535,Avg. Shar O,5.19047619
536,Avg. Attr O,6.6
536,Avg. Sinc O,6.3
536,Avg. Intel O,6.5
536,Avg. Fun O,6.421052632
536,Avg. Amb O,6.473684211
536,Avg. Shar O,5.058823529
537,Avg. Attr O,6
537,Avg. Sinc O,5.904761905
537,Avg. Intel O,6.80952381
537,Avg. Fun O,6.5
537,Avg. Amb O,6.421052632
537,Avg. Shar O,5.611111111
538,Avg. Attr O,5.65
538,Avg. Sinc O,6.2
538,Avg. Intel O,6.85
538,Avg. Fun O,7.444444444
538,Avg. Amb O,6.733333333
538,Avg. Shar O,5.3125
539,Avg. Attr O,5
539,Avg. Sinc O,5.571428571
539,Avg. Intel O,6.761904762
539,Avg. Fun O,6.380952381
539,Avg. Amb O,6.65
539,Avg. Shar O,4.894736842
540,Avg. Attr O,4.2
540,Avg. Sinc O,6.75
540,Avg. Intel O,6.35
540,Avg. Fun O,5.6
540,Avg. Amb O,5.947368421
540,Avg. Shar O,4.263157895
541,Avg. Attr O,4.5
541,Avg. Sinc O,6.75
541,Avg. Intel O,7
541,Avg. Fun O,4.75
541,Avg. Amb O,6.3
541,Avg. Shar O,4.842105263
542,Avg. Attr O,5.047619048
542,Avg. Sinc O,5.904761905
542,Avg. Intel O,6.380952381
542,Avg. Fun O,5.19047619
542,Avg. Amb O,6.611111111
542,Avg. Shar O,4.166666667
543,Avg. Attr O,5.15
543,Avg. Sinc O,6.45
543,Avg. Intel O,6.8
543,Avg. Fun O,5.8
543,Avg. Amb O,6.052631579
543,Avg. Shar O,4.882352941
544,Avg. Attr O,4.9
544,Avg. Sinc O,6.25
544,Avg. Intel O,6.6
544,Avg. Fun O,5.7
544,Avg. Amb O,5.684210526
544,Avg. Shar O,4.333333333
545,Avg. Attr O,6
545,Avg. Sinc O,6.230769231
545,Avg. Intel O,6.076923077
545,Avg. Fun O,6.076923077
545,Avg. Amb O,6
545,Avg. Shar O,4.916666667
546,Avg. Attr O,7.380952381
546,Avg. Sinc O,6.380952381
546,Avg. Intel O,7.380952381
546,Avg. Fun O,7.047619048
546,Avg. Amb O,6.5
546,Avg. Shar O,5.705882353
547,Avg. Attr O,6.318181818
547,Avg. Sinc O,6.181818182
547,Avg. Intel O,7.045454545
547,Avg. Fun O,6.045454545
547,Avg. Amb O,6.272727273
547,Avg. Shar O,5.684210526
548,Avg. Attr O,6.857142857
548,Avg. Sinc O,5.80952381
548,Avg. Intel O,6.666666667
548,Avg. Fun O,5.714285714
548,Avg. Amb O,6.15
548,Avg. Shar O,4.45
549,Avg. Attr O,6.35
549,Avg. Sinc O,6.65
549,Avg. Intel O,6.85
549,Avg. Fun O,6.65
549,Avg. Amb O,6
549,Avg. Shar O,5.111111111
550,Avg. Attr O,5.136363636
550,Avg. Sinc O,5.818181818
550,Avg. Intel O,6.5
550,Avg. Fun O,5.272727273
550,Avg. Amb O,6.363636364
550,Avg. Shar O,4.19047619
551,Avg. Attr O,6.142857143
551,Avg. Sinc O,6.666666667
551,Avg. Intel O,6.761904762
551,Avg. Fun O,5.571428571
551,Avg. Amb O,6.238095238
551,Avg. Shar O,5.166666667
552,Avg. Attr O,7.3
552,Avg. Sinc O,5.85
552,Avg. Intel O,6.157894737
552,Avg. Fun O,5.75
552,Avg. Amb O,6.15
552,Avg. Shar O,5